ID,sessionID
52,x3jjq3epd9BG
53,RULHAVtyDlIe
54,WCZxtrhpH3iM
55,LLdDZ6m1BleJ
56,YlvBmnKOi1vf
57,uMlvxwDdMdDa
58,CAq8jd6lXpDg
59,Tu3ydwq0P1CY
60,CQ52CSZJ1hBr
61,Oi5CJ6thxt4p
62,dE0owKsf3oSq
63,cXKDCGwPjKTR
64,ZKAsIK0PzH8B
65,wiTawBJclTNI
66,K5sLzVS79v77
67,I9WjtO5MX4aO
68,EogRY3WwhEiH
69,bwCbLbTUJBlr
70,iiolpxuk29b4
71,HNYcYvIUIfPE
72,2RZO6xsGAOBt
73,ef4MsisiSffJ
74,jZizGkZcOAuI
75,JFgoLdY0DxMG
76,O7qu14JHE7fA
77,EQ9eyZKKMJDP
78,CthqEfm1sKtJ
79,v5efCnBPpbc9
80,tFt5voCUMnBL
81,rKaQLe4Z4oTK
82,wDGZIVbwMYPO
83,UHjQs2iZmF5O
84,vA307nrT6p3v
85,DmnzzqBbJ8OZ
86,cOoABWF8UOc4
87,3qdfjWdgU4qh
88,9Py8fT3EGycz
89,wRZhVJvmhkAt
90,J13dRGBbLLD1
91,vngTh4QhppJ1
92,vXZxIVXI2E5l
93,cZfnR4hVJsB8
94,nXYYFnolrmw9
95,8YwaOw9E2m5A
96,kjnapDRZI0Au
97,TvdpuPqDo5sZ
98,fdfrKywSCyG8
99,V1SYhjYVgSBV
100,mNm7qWxkUheq
101,Isdv2tGc2JZe
102,8WuQxosaTNqj
103,o9uguYhwP64g
104,YJW6hbgeh2PP
105,ztAFMJcHPLMQ
106,DcxKPmOz9kBb
107,KbtUB5xKdKke
108,kr4H6JqHMf52
109,pn3pBaE0BL9j
110,wgRFbj3NVCY1
111,95RJPBJT7QVs
112,2QmArgd2OX8W
113,dTRQnlvR1dl7
114,7EFSOlGQjj47
115,lu2z3W3P242F
116,zqDLdf4CVnAr
117,38pb3fVoFKMY
118,lnuGz4K1yChO
119,6ycruyrqw3Zm
120,oGYuI5c0s2LC
121,DvV71y11ttA9
122,Cmz9StjO8CrL
123,hUIHghAd8F9g
124,QZWAyKGACKz6
125,lajvnvvLdDzR
126,jDWeN2qPJkYp
127,IHEBfFzjhZWD
128,xp4r70wwPXh7
129,V1ruSXjzUg9x
130,XgkulBmVpfaT
131,YJexQqRLgmy8
132,u4Z2c0Tfgie3
133,sICSAyBwogbY
134,S9VQG74T4QvN
135,sFOBuRf3VGb9
136,HW7DHbXFxjhG
137,aebeVOdQlQPk
138,jJeCMv4oqHqL
139,BG4u6aMrVx3I
140,gEwWreNocPxl
141,hCeqpxXkgN90
142,C7rNCiMN0klK
143,DVZMT3wvADDj
144,1L1vEVUbfoXO
145,S2k6qmzA4eVK
146,R52474DwA7Zr
147,sFIoIfztpHgJ
148,D33bME3H59JZ
149,hezmYlrBWHsC
150,MIzhOfzWHKJg
151,ZfT4rbqylifc
152,5Em7GIufynzJ
153,YOeCEVJNcVdf
154,fE9db2QLeu4C
155,Otmcqq2CVQNl
156,F31MlLKubW1x
157,mrRLCXrp7XpK
158,B1VCjAjuPZEH
159,4GzBvsfr5ZLG
160,ns0i54F2T5UZ
161,ulDVZ6xFQ2ll
162,982XUWhfp9ze
163,wDln4vodr6Sw
164,gIb9f7mO1dOW
165,CxPbi6BKNXQQ
166,wSz0PxMhsqkE
167,LQpSjHPwu2Cb
168,mjL3yOfsyZzB
169,MFSktTVWgW9b
170,oKxcS2gw4hyM
171,lQDLlXlYSIwH
172,6YPp9PP9qzdv
173,YC1XU8J4aslR
174,vEGkQrw8vYuC
175,LxH09d2blwDg
176,LK8OLWcI8SvC
177,slue4tUWIynt
178,aHlKjR7Or1fd
179,BuXcMvMVGb1Y
180,rAKEAil81loH
181,fM7kx23v62fH
182,nQpIuvEsmuq2
183,xJ4zlUHDrsTp
184,bQ1egJ1mDSJT
185,88eMc7KrtUHi
186,w7IvassQxzhU
187,SVmQXEB9p07Q
188,pUctm9ukrVPU
189,QbBXxGfGK6k3
190,t1Nmu05Nt525
191,yZCZdN9dBwGX
192,Au4LLSvlA5iZ
193,g9IOLN2B9uk9
194,UBd9FLajp5Er
195,y1vVbOHbGB1V
196,EJ26UbDvf3Kj
197,pIhCNYbWiLvS
198,Wqt14x6rA9Rx
199,PquzL1pZrRE5
200,As42rPOqq4dR
201,q24oUUpcNxpE
202,r3zK4Yrc7q1D
203,W4anBzKw8ivc
204,LNRwcnG4wQl3
205,mKWeoqb6XeTd
206,GB1XzhA7ujQX
207,dSTAj47nQzXm
208,ceFj9expffvu
209,VuvacDEh0MAx
210,MFvvxGNDWC8a
211,ZjbDwBStPiIC
212,XD8UkPcrywbC
213,0dugsHC6n5AS
214,nl5bEneoFzqK
215,ETCCUXZTOGmp
216,ZQh3zt9SsFfU
217,zLV080Hvdmcs
218,iQsu6ZXt0pgw
219,Sf4YeL4So7XW
220,UiO2HE9w94bL
221,Rsa7reqZNmRn
222,HAL8wsM4ROFZ
223,lIQKnStDYf2z
224,wyMVNtFrgNms
225,dCBGPUqYkzTw
226,6qNVc1mmDzsj
227,tIPyEp8UE6IX
228,IAEnOKWuSQxX
229,fvLPWX6zNz1x
230,oSDyjuKEvXIX
231,7NCY7HiWWPxm
232,alqSmh465bdx
233,ZfHebUa3qOB1
234,FI2Do03GzdWe
235,rvftk4sQ0iZr
236,dNM7qpZHpfIY
237,s5utyBJsrTdx
238,iU23NA7PzaJV
239,ArF8zJBUMH1S
240,vGQCH8A1YUs4
241,EZjcyEztwXmL
242,OfJK5pmHXyeN
243,aGoBmnq7th2k
244,gl5XNCqSomxZ
245,8m2zlyDkfav1
246,mWlSmbhjFCDJ
247,Fe68MPJ5QaRX
248,lgZwSDoeLpD7
249,2cgHWnzhcNmQ
250,kaTyNsX1WrxO
251,ezwtGeuaxkaI
252,Ga2Za2SGbB24
253,QS2iVE9pmMzi
254,jfoLC6OhEXST
255,OeA2aiSd4euK
256,z9YN32zImgZP
257,YoyRM7CyDsfy
258,BWfPgSKrDqKT
259,MXYLyIylSZK0
260,91X8JQry5Rf7
261,XyTKfoSCRXVS
262,ZpcpNCfDKUN6
263,Uep3lNLHHwvl
264,f2MBOoBiYgWb
265,QwnD4U8bSsx1
266,aza47cDBLUbU
267,iB7Zk1usGywO
268,AjPaH5T74zCB
269,DteFS25NpIpr
270,WZtKmVpuQlEr
271,BJrA02IcnVTb
272,JlYHeXc0DtIh
273,djD8ahlv82gJ
274,PQ7BST5g7jsX
275,FYJykgrPmMPj
276,e9o6Tr97YfSN
277,wYV7vRyjsR1Z
278,p7xWUeH4AgXG
279,endr38PbkiSk
280,usOhkOHBb7Er
281,nKbA5cHbsc4L
282,PD9juqRzFhKS
283,RA4nIStkOi8C
284,GLdKXEiBvPK8
285,YNXPA0H6opqD
286,Ry80eFdfXJZH
287,wNaWdVhYJvFp
288,xgGx9sAZ5Hoh
289,CqoQqt5Ximdu
290,IyfTjSHu24Fw
291,eFbrNM1fngdg
292,4jrbGj3FAZi7
293,HMl6j5sXP34E
294,o430qss93jNz
295,FgG0U6uwD3Sh
296,gesvZP4kZZD0
297,0yyABUS7xh8s
298,ZoTkLrTXl1PJ
299,TNKj8VWw9qMz
300,Cwp8oaZ0pV13
315,M07y1W6NL8ty
316,86zc51CBLPFB
317,q0n4I0wXJznQ
318,LrM1pPUBXU98
319,vYGBqf9JiAAS
320,VLR2rKpGjPmS
321,35Mgud8Dx614
322,xE0haWy2UMeW
323,jpMzBxPAMyJg
324,7j7rvEXtlsXI
325,34aMYK20R4Tb
326,nsvBvyEAeM0D
327,x6cqLYgNBgMP
328,0VlcMAaFX2pS
329,3yWOdG3bGOyI
330,peUrqUlv3eiN
331,W3twktxrF7c3
332,Tr1xen7LcCtL
333,XvSAipTpv9Es
334,GzcoFTrAWXJ6
335,H60awRj5v2Hu
336,tuPncO4w90vx
337,q8OkvQ6InzRG
338,wJaRKLN7TfRo
339,TuJu1DFrTDFf
340,Atf2BBb1pjwe
341,eHdq6rdRgjw6
342,QduNWVOss3MK
343,paVbK5k2B5hW
344,w6bvMNVW92ba
345,v5LVCslyTUih
346,Pi2UdZbAK3WC
347,JbLVVDTB21bl
348,PbLb2yBJwgRc
349,KsGEJxioGu7f
350,7A49QvtsPdjo
351,febZLE2b746I
352,gOKAeUVyGFDO
353,bnqQV679SwA5
354,3v9KVTgjCvfM
355,SykkcaemymaR
356,qDKsnZMUbpuI
357,110Pb9FNb2OR
358,5KxuBEsxbcBh
359,HEEnUSkeBFk3
360,WiWifhXipsHk
361,VJOnZvTWUIn5
362,irIDWwDrAuR3
363,FJgZeXC9Rvrb
364,BuMeC0xV30du
365,TfBIQSObFhrc
366,lSkGc2xiEx9h
367,ziM6IxfNSh5P
368,7iz6V3j9RpYf
369,RB7iLJASH0a0
370,u1HkWALdJJJ0
371,9S1kueAauBXQ
372,4IbuizTzEyHo
373,upyQz0yfZEzU
374,W8I9y3w03lst
375,oQt8HC24tMET
376,cAiySclLNJcH
377,HiqbrfcAxu3k
378,ZBvKj7CKKi7g
379,Nif1yC7enNig
380,NXbdidWeFomn
381,MeLhXlHFJlAA
382,LFmHrcgtD2jn
383,Lv8yYfTCZkbm
384,v6gMWg0vlmz2
385,W5gWikfN1CTT
386,zGd2Bls1Zcfs
387,8gxUMBNqoVBW
388,VK3S1fcyzjGd
389,JYgn7kXmmVyK
390,UrKtV5wWb6d0
391,zuMN2KRQvw8H
392,Xl7T12uzNZf1
393,0PYNewv5VHFp
394,5BMTV9XpJOXi
395,8obo6Ax60Dpg
396,seEyNL6Z0ymF
397,bcGQK3AMFbmi
398,EbgaLfEYesm5
399,z2nuuhuHsPzM
400,8ZZZCMkCPL6b
401,nb9LBuCqQoic
402,oJbXBohKLsv1
403,tLiBouVQj1cd
404,zt8EfnKg4r5w
405,r2sjDl3UP9Mh
406,LiS68hFxXdO5
407,hmMRi74usjyG
408,TYfZRXQ2aJZT
409,9knFgEkNRDWO
410,pm24RDu00nNP
411,ss0dA4zYy8bZ
412,8CAGdMMNuxP2
413,yFlluGJkHYmE
414,LflTWNFdtdKR
415,3BPnjz0t1Pvd
416,hBa33hxp4lwZ
417,zbv9HCkBVz1D
418,9vRet2LNPmTM
419,psCEKnHtsAHe
420,ig8ruGDiZjhz
421,bVMgAh241ML8
422,jvRM4e5Fpp50
423,guh5VF8JDtaX
424,Xh1cILg8Gi6S
425,Zs9drBCsSBcY
426,kpQmA2DQPXMD
427,wXHP1AW5okst
428,FOCiRdz3p135
429,8De8BqFLqIRo
430,YHH2axgiIp0j
431,ZbZ9pSRhQyXT
432,sadYquneu4PD
433,aCMvpZ40KRru
434,dHL93Y9XXah4
435,1EGJTuKSn2vW
436,sZq4XROjt09m
437,2ahCuMqYCbY8
438,2TV9zXKlF8P4
439,c61Wqj8j1LD2
440,WWpSE3OCnsb8
441,xnhdKtcTA2p7
442,m7V6EgPqZR3B
443,3RIoIqZXWn3f
444,sJ1fHdebcRAn
445,skvSDgFibpIT
446,4ZWF7ffpolGS
447,GTQrqxV3sm3n
448,bicEMrhmcdyH
449,XSuwH249wmAl
450,LYvwVECJnkHF
451,QmKHhrH5zqWv
452,Cd2hJJcNx3Un
453,mGYcAKYRB9c3
454,cOyqADoHMF1S
455,TTndlB1CQ0wb
456,JtRizbJfSQIm
457,vxfDNJOHQ5Pn
458,AglVoFVvaBTx
459,ZIayR8PjsY57
460,siaeMfFrxc8u
461,X8P4THGwv1Ip
462,MauQ8Qr3QsQW
463,WydVajqTxUXt
464,aW5I8mhjGBmZ
465,e2id1yLbovGI
466,MykczQkl3Iwk
467,N2Nvl6JhERnp
468,4clW72kVTOTW
469,h48VMqaGJUyJ
470,aTXTf0EugMGZ
471,HJyyE7zS7mNL
472,r3Y1mPvZ18vI
473,k5tcDOl7CgC3
474,JlXm9Pk74ZYs
475,XZ6ZVFOAzZ5f
476,mWMGZTNhxrJE
477,txHmaeM2FpPK
478,BmonFpb5X7BG
479,IUbtmWoyDZ5W
480,oMrng6FJBPcc
481,izruNq5FevrY
482,bObdXrygZnKH
483,6JYYtLInQvsg
484,jKyd0NPBWvjA
485,215VTlhxAPy8
486,628tgWQqKZhs
487,hZttLEOORVsd
488,Y0QUMX8Q68if
489,jYGg4zaF5d8n
490,7mlRLLbHZf9n
491,WM0uRpP1kxey
492,NjKyXmmweZnL
493,hbTF3uMmvj56
494,8HLDojt3DThv
495,oSri22LsGQlC
496,v89QlO7N62AA
497,75QNnxnhkB0r
498,YF5W6mB9pQx3
499,tFfPJtZmoE4X
500,nICrRXHy0l5s
501,fS5bD8mVTeto
502,xIyidnBKFVPz
503,A3gqip2i1fhL
504,Z786yZ4zKd5l
505,fP58eV8F276n
506,UVHC5kbm8HVJ
507,xkaTMB6UOjk8
508,Del7AwUEsDOF
509,zuLyPVDIkhUc
510,wvzB2Vj4uaCO
511,PQY1PvoSv2sB
512,BGIgSWiGJKcL
513,RXKIa22Bksh1
514,bpgOmZGpye7R
515,txX00n9UAMWe
516,kI3tYTrWTkZs
517,7MLgglxagAXP
518,TT5Sb7HYK5Le
519,tjM1TsjoELin
520,Y2g04c6yU5sm
521,Chcwiws7F6Km
522,bbrPly0jSd9k
523,O9jtbITBOe9K
524,gyCPFzhVgoMh
525,cFAcxxvhySc6
526,d1eRWvlfy29y
527,1YuE3RTJePY3
528,O7w4nThkDiUo
529,NjSzVNt4Pv6H
530,B0RLQgID5JPN
531,MIOvCxzkFUQc
532,hVUNJAjVMC8O
533,Uq2ZdDhzj9ZJ
534,r7A8zkzFNxdB
535,IaelsAw4lX4F
536,6pUS9DUrHVxs
537,vueIXXOes3nt
538,GZFFPQrOrZju
539,HrQRaj0yULSe
540,mFXesWrwCrZM
541,PwQBy5af1tG2
542,KoYCYDqSZGBf
543,neWQ9GIOLTey
544,9pggHwqfDQRh
545,ZyPv2uxKdiWX
546,0pTxsfCUx9zK
547,6Ou83hEGoSDt
548,foLQ7tkXx2D6
549,e91Drr33cplD
550,Qc7gfsXI1ePu
551,KtXOGm54UYte
552,m9KGw5EA7s59
553,URqhTYkMCNzX
554,VmbdixPxYCUQ
555,5pnFrKuuTi91
556,ISo0ZRWOdSz8
557,if6kGdJssrxx
558,TbqDjz1L7Iuz
559,PBtaiMuRKCt1
560,soZFukzlH18D
561,aHUkqrbA4cdL
562,0lctL6XHsPNm
563,Y25KfXRJclgq
564,mjMdtWjGozMl
565,eN4HLI3VloYq
566,gfUB48daVaKD
567,zyto2U20JJmz
568,Ps0kfqC4A2kb
569,Y1A6B80SLZ1g
570,HpTzRJlwN5al
571,GM42EFyrw6GR
572,v1q3pUXbgoFa
573,GZXXUi0jv9q5
574,b1XJFtGZVsUq
575,fd7YUCJyEh7t
576,OFrFgWhEaL8L
577,pRiNRn8sk0DO
578,kAnTJqZ3uOzj
579,hdpPuMMcSj0A
580,veHgw3UJfexl
581,I8EChGKXifcu
582,AfjjUy6a9YnR
583,HeEtBYeM3NN6
584,FqoFFQwrjzkN
585,Z34JkH3b7nN5
586,ZcbJPMp43Lnr
587,5r1LCcYqldlW
588,BR2lRlo0tlQy
589,OmR5n8aREDaY
590,hRW5ZlXalvND
591,MI4U4L9fbrmP
592,mGGyXndPc2EH
593,SlnSlMlLaycH
594,tsUTuMdElJ1v
595,wXqUhJGKovCe
596,HlZ2Je1YinLJ
597,mUyUzn3KIgD1
598,3liIJ6tePiCZ
599,SJaDwx379lcg
600,sUVwK8SbMB9F
601,ip71q11bUrac
602,4sitAZ9MNjJV
603,GoXjGmfFn9KV
604,Ei5BDPqbvtxQ
605,jl3hHLXRwE5b
606,BdgYMLFogamJ
607,JkjnouwcPwTW
608,ItyqBeeuKaox
609,XAhCdtJ77Mbh
610,QMQhVsghS5VE
611,sYCXPDXFXdxJ
612,wBliSDFNiWXj
613,0ICofSEjTJkC
614,tYs01LEJnqF3
615,NB34H6u2Yfs2
616,2RVFh63jTRbX
617,LYw8KkcSSViF
618,oQL1M46FP2Xb
619,DPeO4r9OPtVO
620,Dcfkt3V5wUAx
621,FuzaDHeqETWI
622,gytcvuuG4m8s
623,bjqsNdtFMdQ8
624,KbasfbbzydGv
625,RLHPUX0R6cQ7
626,ziP9uwYAw3Lv
627,aDM77n0tBAQP
628,37iiERcKXjBs
629,v8tqy5DK7bEY
630,bklD0P0PNCma
631,9iy928iURcmH
632,81Uje1xNMmI5
633,oqk7nnCdOsEW
634,WRlrPH6X7TfN
635,Pz7QZRwkG6U0
636,HLba9fKO26aG
637,yzXg9CREl6hE
638,jJwOjhsUHOaj
639,ikoGJ77Qn6cV
640,sczlRSQXVu8m
641,9HCIB0HPhSC1
642,7TqnZQ1QAaon
643,lrc0ojAEcdcx
644,Qio6GJgoq9CZ
645,MzqFSYXy1xP6
646,Q9ZSFYjXNTU2
647,NyZdd35xiZAg
648,8fGSRzoqbrp9
649,1MAwxY3gPBzY
650,fBIAa50xUEHK
651,FFCCqwKaX43s
652,FnQeKGz9Leky
653,Fcwup1WS0XOr
654,QYiRLt9Tski2
655,DViLYhXwAvN0
656,fpdVM6U3rQcX
657,ulfKnhWUEIkw
658,N8T4r8Dc3DNz
659,obZFD7tO0Ovd
660,DDWnjWr7ikbW
661,f9mzLbRjwgpl
662,XS0KPy40zzAp
663,FNGCmYu8PSEj
664,SYT75P1xXHpJ
665,WDeHH6GY1lZA
666,zAiXfYJ7PT7R
667,8SkSPAu72amO
668,WREunX9DKXaD
669,00kQhyLjcebP
670,V4BtsFVGNAgf
671,bYDY60WMlrGt
672,uGjOddwACUOa
673,e6bweVnwnd9M
674,DRy4wpaEaKiF
675,a8TQc5Qk0KJD
676,JMYLpdLAeFVW
677,3H1SKdA7YYAt
678,MWUQmWkrPKjp
679,e6wFWJzjshRy
680,7gSBa7WEKyp8
681,bv7s6UM681hR
682,1LbSstS2j3mT
683,qjZrhgGJ9Bif
684,FVuayX14b4rL
685,1iehI0xNc6XN
686,QCPvy8b1NkxD
687,5SLZNWzgotru
688,WFIV03PlbcfK
689,ZsgVD5gblZ36
690,1Z3EfRkfoHrK
691,9LgGDFfiSMgB
692,PRidtOd8J7KU
693,ZlIgS20pmosn
694,FwyD3ilAvVRo
695,xv3lZ7987jXY
696,pYTMMd3Yiqpv
697,Fc4W8TSyMmeq
698,CPAuZZeDqC8f
699,8W4wnZRRZrWd
700,zQ7BfC8zBokJ
701,63Sh9m1SB3p2
702,GMCS419pCiYU
703,8uCu6MOzR0EK
704,gkXW1IQ63HL7
705,znZJ8cpSmzS6
706,EchLN8s1F8zY
707,rplxraSp4ReS
708,kKzJ7ns3Wkay
709,qT3Rj7TD3lyp
710,v5IQFPcYl7pt
711,hAnEX0p7YfZb
712,EonWAOF00j1W
713,h5k4r2gRPcAU
714,PZqur2Jo2TeA
715,9EwKloXVS2QI
716,OPBdLSRP9Z30
717,rsQJI5WBug8g
718,xsqKd2mvUFfw
719,nyprGeDBHi22
720,56P4DeBAgOXf
721,NYDF7FEklY7y
722,MXi5tjVIbdzA
723,d5osqjUs5tsx
724,AUjNznGgwAj7
725,1Gu1TT7bDKHh
726,BOxoZsdgLHLO
727,T7lSnghGa2WV
728,FpJcehbTEvzo
729,cNVCfxzvWfic
730,aSg48eLqwotk
731,LnMrDXOMegBM
732,2vrKRQKZr9fU
733,VYOuFwTIOsaD
734,1AoOT99LJ7qH
735,SFHJ6HRfMP14
736,0EfDFKhapjJM
737,Qh0n0fQaYyw0
738,2nTnitZSG2KQ
739,ix9YKyqwBmGU
740,MwiY5Y17vv12
741,4lepPuCezmp9
742,DCwmJ5Oj1t2N
743,I1s6nXckWWQX
744,gGRuDHNlqPBD
745,Cv434gwfcTEf
746,19pcLMcl8x0T
747,MbehPK2A381T
748,1lm6L9ZfKPnE
749,oyAldCGxdoa0
750,uwMetC57T8Bl
751,h86eEEj8Skj5
752,A466lrXChEXA
753,tNSiGcFS27fZ
754,KeedgRXYhmrf
755,S9Uyum94enzZ
756,13NUaFabaK53
757,QGsMxl0PoBoD
758,hKw1cAah9nCn
759,NxdBtP3iI1LN
760,kzwzyIta9uI7
761,zEKbXVeLrBsY
762,Z8mBHr51Mm48
763,QrGcKUioVthZ
764,4Sdlw0MFJj6Q
765,zTWLw4BjP2eQ
766,rk2gL8HJSELN
767,mWzyahVHC6kp
768,CTltq1Okj50q
769,WTfRCzYgsqzb
770,JdOHqtIDNf7l
771,tlJbPP0RVzwo
772,mmq69rSOQEf9
773,yW2hMQCfhQfU
774,4sDXRh4k7Bg3
775,JHLfEOiSC77g
776,LkqE7AgdZRwx
777,51sZIYOHFAHd
778,JAXSSeq5TiuX
779,vhw4KSwVIB87
780,RKKzU1sdEHqR
781,Znqto3WJjlHs
782,Xvz8HDIONXYo
783,4MfiiLTJskrG
784,IZee5brCUrvF
785,YiFgL3JNNLBT
786,JopJ446wo9b1
787,emfGYsPSlaiq
788,hjmMmkVtFqzQ
789,kjn47Km6yznn
790,nQ5W299NUoBF
791,gNopmTeSiZqF
792,biYVyfCI6Gwi
793,W9mKgi7xbuKM
794,OW4snkTTZhjy
795,EaW42UiPDPjE
796,zFNMz2JpUh8i
797,XnnrJhQzIm78
798,Bbgvoer0gPHg
799,Lnbc9McmSTJJ
800,XlHZJ0cm4Cn4
801,qefnTdkOw1hC
802,BKvpcIU9Ls4e
803,CyDDmkuAyHvr
804,sI0qrnklCl1g
805,2OPWG5xoMWtE
806,EB2NA51SNNh7
807,5ViqC4vnCUX7
808,wgPyowq8YGiu
809,pQf1NC25VtNa
810,kqHx65HyZeCW
811,ygm0sUWVI6tk
812,8YJb0r5IMrzf
813,qg5UWOVM1CtS
814,aY4nuHOzn16y
815,SZzdzfcLRJ5I
816,GHvuzfP2Enu8
817,oxb7SMP9mviq
818,iSiCdWvud4QH
819,qdxnD9E1AMIc
820,6V2uuBzgBGTC
821,31C3YShINc17
822,LaVcoV5yReQ7
823,Vci4Vipj29sU
824,Aed1wXGg1v6t
825,JMtHnd8cojhq
826,zeyy3yfrYIyv
827,A5j1EnIVSWYK
828,p6Q1jyQnIiYZ
829,0nSZoBGtMsum
830,ciLOBSefNnZ6
831,11rumtIAyi4A
832,Yxpkr0sNAbDM
833,VItAP4f8ELHq
834,HCJFZQnC2ChZ
835,fyezZxDPKoWG
836,u3gRQwSVb68Y
837,FoOnj9jXSryE
838,BRkmRNwFOfDM
839,PrM3zkTR9aIy
840,fAhcpMTRdW91
841,XbcixVEZghrQ
842,koY94I5uahnw
843,nGFAhkXtZjy9
844,xoilMC5w257z
845,9r9nx3OH0OrN
846,8vs1OrRGYkcU
847,IGlkJjz96HbR
848,C51FL8Rf5WDk
849,tlXTmbxyMINJ
850,21QgMgeNllIT
851,TVu5gDMM5Pys
852,jK8zBqIGgsk3
853,TiYQArieHwJ0
854,PKJGfQHeLRYi
855,HwzC4n7nso81
856,KOfLdqHWkmnw
857,ZllFhaEs4Lf0
858,VEG2T2rrxe9c
859,4wd5YtbDRM8e
860,JUDJBzdfiyjs
861,RISBGiLKNBgI
862,8kYxw3hdXY80
863,QAlLUXRiC2oO
864,Zx8nCW7V5h6L
865,SUYp1lKKF7mZ
866,srR2pPLJimOd
867,feEPTzUaB51w
868,U2EyXmq5gWxh
869,ezB6Jbhf5fyb
870,Pr4WXUREdZEz
871,DIFeBNqXQcV1
872,5to8pYDJYEe1
873,Ec2XbqsBLiFs
874,wNr9GwkVb9AA
875,jGQHisARh2Ph
876,6l1uwykwpsY7
877,M0rpFtR2slyk
878,yzlhz6jYgrkj
879,pZ4JgeU1ALhX
880,X0Ygv4cKDG3Q
881,WaPbBWd2pL93
882,mu2oi0vcFcTf
883,muYzM5msX4ED
884,TvywkjY4Tbol
885,uRolwn10pZ8q
886,QvtEY6IL3isF
887,SoR3S6I6Vkqg
888,jEdFNuA73G2c
889,7EsyB4xEkrSZ
890,riWT8stuAUvF
891,RAzQGCY3pt6z
892,fwo3RsX7kMeO
893,6OeVRhFgje2m
894,RlMRqElarZmL
895,WloHk9yiuqBB
896,4IR0a9bhVzVq
897,tuLSdjccsOnL
898,Y9xFjgQe1O0O
899,hhaA4qnStink
900,X3D3tmgRjSp7
901,bNU9xZhPf63Y
902,nxFvbdMXFFPE
903,6sgSmkYKmJts
904,iGH2mD3U2Bla
905,UaOl7wWyCm3g
906,QaPEZ56Khw7F
907,fgdsNlhnedFZ
908,l1k9OlRcAjv9
909,ecDXko0Jg3Zg
910,4b2PjciAFC3c
911,I1a77q98OT4c
912,4ddf3H5cB27W
913,ZFobqSg1OfKa
914,LlQopYyAlXS1
915,D86O4xyuJnTl
916,5R3KLr61sKPn
917,gpzyn4fFMqHE
918,pzRluhTalMvw
919,cig8UJbhERsQ
920,lP5UlHxoUqr6
921,cfuj2544HGBF
922,NW0PuUAbJGe8
923,vd6LdYgoMdS6
924,E44BhjRPiL7n
925,DylMMzYgFIe9
926,kfISLdZ6x0Be
927,liNr0CGDSdO5
928,Q8uMpyS2wVTg
929,9VoExljanzwL
930,Abq36pFNuQkk
931,sqCh2BrXgTc0
932,OZAntJw7DSML
933,D5VwtYqu3eT0
934,ZGzkDMpVhxEN
935,vDvt9e1d8luC
936,sCPG26SQOM2B
937,7jt1wCfhgCyW
938,KEJzp7JkRc8T
939,NdAfyqj4GU1I
940,AWCINIX9Ez2w
941,dpapeN1KphAA
942,0jQWALMD3AHE
943,NvArPYglXfuo
944,AmqaKvRggPdR
945,CClot7reilfk
946,W7CQgOv9Oa9K
947,RrvvyYHhuQfU
948,A89OoCaTEF1Z
949,udtZNHBetiK1
950,ptGCescxgYUW
951,z5LIRrf6QapU
952,jIbTCrMsIdDl
953,dWQFKlkfl0y7
954,IuObToPA9g56
955,Y7dNZuLf5hBn
956,15sBejemGEZn
957,09UaOBayF39q
958,p3Bed5s6hw1k
959,BI4CBf42blEc
960,KXKHbtxMLVxS
961,bh6N189MsUva
962,hO4KXabSkj2X
963,WZNjggHgSUQh
964,hdj772JX7c9b
965,nn7R88wpvHFi
966,eND0ZitNnPyC
967,6WjhDJn1y6FD
968,UBDkpRXsZFW7
969,i6P5VECc3tuu
970,rtVUtbjsJqff
971,0ZORfjEITJtw
972,l0YPe4k48s70
973,cErJirOtBBax
974,V3PLhc60PtxX
975,su17Nh0JlTrf
976,I5CnEakgKXsi
977,3o9wvPNdCzBF
978,F4E02ioN6Pxx
979,0b14wUW5UaNM
980,I2sW4XQepOh6
981,2Rcaeda8KcS1
982,iPeqa8UOK9gu
983,Y1VKVYH7VVwS
984,t6ziSQ72Uko5
985,rKs4FKxRCdp2
986,s3rAQyhsxyQJ
987,lMzlRL0cM8NY
988,4ShioNiGk5pe
989,VbP3uDoAoqKV
990,yy0eXqHk18jQ
991,5lKJz8Yg6PNZ
992,Ka1rxuH8jEz7
993,4XukFINstKC7
994,36PX4pYVkgbc
995,nTnir6gapBh3
996,fvzgqRzlDxII
997,W1XrCG4PGq8i
998,LacyQkge6JQz
999,GvhrqvLO3Vvs
1000,w9h8IgsUk5tE
1001,6NdIQP7EIyzY
1002,7WMwMsknHmE5
1003,zMKh5nZy9jiM
1004,9lFWHjjtZLBO
1005,FglVO436XOf1
1006,XenTwULnuWi9
1007,S6CDn1q3EbnJ
1008,a1HkUHnGyuBJ
1009,bbypdjpxplJ8
1010,4y859jbUGITL
1011,wK99oJGxKkFp
1012,4K8Z4v3Gb8D7
1013,PrxUAZIf3MCb
1014,f5eEcyYqWKVn
1015,RrfpFXyVVIC3
1016,mNCy8zj9VuaX
1017,joM2ngmWdPwc
1018,OlBss0jcTzNE
1019,AiZVrevcDr1h
1020,SjiE2ffq3j3t
1021,weGUmc1RGsuc
1022,gH5Ck8LkZRN2
1023,HnIi3TeX86Kv
1024,S2uhP51TFfXR
1025,0FXHQzv1L3hg
1026,xeopNsQrLP5a
1027,nIt19GFLzdx7
1028,NssQa0eg5aFx
1029,x5Em5jFjGLGi
1030,990JP8PSXoMN
1031,byELhQkxZ5uB
1032,lGpAvD0H7OQV
1033,S0kmiKtFJCQL
1034,itAZstaTfY19
1035,CNHqL5A2jdeA
1036,yQ2xBxVkGpBX
1037,SOPdJbDx1XGR
1038,ZUG6JUucscfR
1039,g8thlVKowmM1
1040,q3y4gfw9X2bI
1041,WSEk3USsJ653
1042,GyJoUD3QjfHe
1043,GYx0cYi4XONj
1044,8rBt63GSxNk4
1045,oCHV8m0Kzhrp
1046,6wAfA0z4TqzS
1047,AEc1nWdFPjfH
1048,ijWKDxOtD5Uz
1049,pdjjgU5Tv1BO
1050,p5OijriCJlll
1051,7SJL9PPhx4CQ
1052,taZbijbjzvmZ
1053,FYdXVbT2VgRU
1054,YuAX4CboTC3O
1055,WsJmVCrY07Wh
1056,qX3Nuk8SPBvw
1057,ndwsFigAKNrt
1058,q4tnlKBlfvst
1059,SGQwVDaIovYR
1060,eyJ97El7oGN8
1061,M39YyOCLcydw
1062,cbGfFxyni3qn
1063,bSXAHFCCgX3A
1064,71SWld0r0TaC
1065,9wXVnyDdhsXV
1066,a9ukb0sFptwJ
1067,tbXeCG6kAypt
1068,AuFKa6oA8zVl
1069,sofAgZ1OmNFX
1070,BTjxCGe3DtDF
1071,s4vAFWF3Wtgq
1072,n6WNnYpxlChA
1073,nHRJUqkhqS1z
1074,75n14gJP6Ert
1075,Hb0VZY2A1SsW
1076,LVO36nYiSmz0
1077,gbXs2vSWplVS
1078,gjYsoP7v0nZl
1079,FTqQvgdTGGSb
1080,faCJcmcy4vwY
1081,4MFqIWhDKoTV
1082,BAxDc7kPm9rx
1083,FU3DVdkPQ7Nc
1084,627psO3K17r8
1085,qRKD8X33rxbp
1086,21ZdcCixR2Pg
1087,fyCSOmUxsGEd
1088,ByZbXmIirMnl
1089,yoHedKy3qxeW
1090,9kZomxk53eiK
1091,fSC8Ip3d6nM5
1092,JgpP1gP0SRXL
1093,CSkOITo7g4Pb
1094,bcg6rwM7UTp4
1095,FXIys1MndYlL
1096,uI81nwxdX4Q3
1097,jAbO4IqC6vHx
1098,12xaTuPpAI2A
1099,n0fcWOBoApWY
1100,Tps3t4biD6Rr
1101,diXhPfOvkT9q
1102,NlVNLgOn6Izv
1103,L4SmIv0fyNeh
1104,7pRFTfEXtggr
1105,cDa6KC9g0NyX
1106,8f1qIlYF6AAZ
1107,oIwZlfP9u0Ri
1108,lWWjLV4yTDu4
1109,0KE7mjgLQS9O
1110,udNzK4DZKYWi
1111,Txct7H5ZI2DW
1112,r3dpgq5YUOeZ
1113,P4lXiAodax8V
1114,dHOCWgMy75rx
1115,zUrJovVODo5n
1116,v67x0sbEfkPf
1117,AXwziRF5KKGk
1118,WWLZxE0Lv6uP
1119,B7Vz3vH8XV0L
1120,x1rbQk5Gtgct
1121,vC4crHNM5OFE
1122,q7OUZfsgsQ5G
1123,HEm5bPFeXvvr
1124,cnNvT62YM5iz
1125,I2Pg841nNt69
1126,RhHDQ6vlyDI2
1127,nMUl5sQKKdqi
1128,D5G0zrhGGIef
1129,7eO4uzBSDI0d
1130,MhblI31hetd6
1131,i3VHi3X4brBm
1132,QYceswDo7rNJ
1133,eAOhchZ25Vtl
1134,z6zngsGV2Emr
1135,HtBxDVJUFQKf
1136,ESWXfPzQFyss
1137,h9R1xGntBWnF
1138,8ySBxrQy8IeG
1139,z5sBpgg8wZwF
1140,88vVktZUmjE4
1141,eFlLC5kyAJ29
1142,ii0Pv5SeVFw2
1143,SEawDuKy0ojY
1144,4a2XQV9cDiTv
1145,rMqWncnmPS4a
1146,UVDYeKM9GY6B
1147,S3tyO0yB10ow
1148,5zdyQk3qKBTH
1149,AiRfZQ6mhVTt
1150,Aj3bNKOq2poj
1151,6R7gbRD3d3s1
1152,CXRstNcW5mah
1153,q75tYlcqb4rT
1154,Mo76ESRRSUh2
1155,4uZuFFOoJeBN
1156,DE8hxfP8HZUz
1157,WYX1pB4kQxEP
1158,ErFCvPZKNns0
1159,OqwXlkbrJaEJ
1160,KvbLXJpIwibd
1161,eNWZ7S9olN6Y
1162,Lbllm6cO0uql
1163,r3jUvU7odjXC
1164,BX3YKLzeUgKz
1165,yFXc4WpRpoEZ
1166,HTHnXtmdhkww
1167,49hcF9Le6w2o
1168,SAVb73sNP6aO
1169,px0qHqhoNkLa
1170,swku3bGo07dL
1171,ob05EtK40h34
1172,tTbyOJgDePFi
1173,23sM0m9mhPmO
1174,EXI276tQKbWU
1175,QmRPEGexwaMZ
1176,jACP3FDBpWID
1177,0jPN7LnX4Jlr
1178,Ewz4lH5OTzo9
1179,wn2eaidno94v
1180,fuWszRHETs1W
1181,pBnJEL19MCdF
1182,UfPxZxbSHojs
1183,qkyYeiRuFAWd
1184,2PLVnVCJeuzJ
1185,RsIcTnO728u4
1186,pZ09KowG7Lbe
1187,LLCCnYUpWqGR
1188,KFPeV2trKlBC
1189,U89neiXRC9lo
1190,PcvSLCO2ujsb
1191,UkP38L7tHOiX
1192,EYoMYuTJcWKH
1193,BIBllffelYay
1194,Mgv4pXoWeA9O
1195,sjjzentOoICh
1196,N73qkVdht2Qq
1197,srZ48DO2HZD6
1198,YQZtzR2LwSI2
1199,KNEzmjqmgpja
1200,C4Oqd7qglyq1
1201,GAjU9lg0F52Y
1202,5CQU2VfVwr7a
1203,fTof9mFzkkAy
1204,HRbjOfBvhCB1
1205,eXie8Zz6B6IE
1206,lwrCYqRZTFFg
1207,M6of0fRn9MYo
1208,nNRkIPMtd6cu
1209,UQrfs5wZGKgx
1210,2UtZUYMSoIYp
1211,MN7JTBWJilx2
1212,1bZjkK50wqcx
1213,R80rtdzwgFmf
1214,qhUtpnS3R3G9
1215,Cdjdh4k1nIc3
1216,PXeh07hY2nSu
1217,XTTTFAChSoWZ
1218,rSJqol4EKcqL
1219,dcC2WxX3g43u
1220,spQsaAXhogw8
1221,Cf92Aj8v2n8b
1222,ip7G9vtH6Nr9
1223,l5Q8prpexmJs
1224,NJsQs6B9MlZQ
1225,9GyGFTewg7L5
1226,jLFhyg4VLSep
1227,c2wTqdVG55cv
1228,xmma6eZjLNWS
1229,1GSwN9kRdP1G
1230,JHq7UaCiG2ym
1231,Tq53544VIvZI
1232,Je6iSOUpJS8f
1233,28G0AQuUgqve
1234,DCltwfCwsHzA
1235,JCIcSMvhhM6q
1236,9WCdr8yBH4Qp
1237,XncvgZu7FCXV
1238,IBg7SS5jQixJ
1239,bgC2XTreRLlS
1240,BaeyUXbEVk5P
1241,8IwO3bZXMVAA
1242,so1hgLIpRZoR
1243,6S9A60hNYGGq
1244,iVqAFvnL6aIW
1245,yQp8wvHZqhfQ
1246,f6aKWjEhT47w
1247,4cqL9wLBHEbk
1248,CyQiTRwPgZPp
1249,Deot0513ypHu
1250,reTzzdE1EPty
1251,HsqEu6QVvttg
1252,euPfdoHpALDB
1253,mXj9usKfdjc5
1254,rmPQeMDMEzDH
1255,AeIFwijRc4gm
1256,4xjhtdi1dXav
1257,g8ANBXWRmkAj
1258,eKBPiDurdckf
1259,ZjRy0mlmLCkk
1260,TVoOEIFn2IrX
1261,hYAqPbZtviEO
1262,SnqwKlMa9bGp
1263,M7CckENtXJoO
1264,xLHYMfe0FMDU
1265,6CKIWgpJq8Hc
1266,H5ZuyVkfxYnQ
1267,sgGhUgcZowcb
1268,EiKtJa8LNntA
1269,LB3Gaf8JGa3F
1270,5FtvzwuaQEcT
1271,O0hO9Wz8nuob
1272,GGGZjs1QvSbd
1273,FEWJqwucFC20
1274,qhtdOfve8pck
1275,A0rV8aQGewGa
1276,ZJpuoe7REwdV
1277,dqiY8riuwuKP
1278,E7XXsOw6aXVS
1279,eMPRXwItu1Ac
1280,Ji5XCJ4f5yOi
1281,W6D5hUF6VCnQ
1282,T9H6JxLSlWWc
1283,SM2XbBcscmHs
1284,MkKBAxv6xrC7
1285,7wKVLXvJvlf8
1286,mmqdGWqFvPBT
1287,AhdHPq1x89ld
1288,2WCIh9REXQNP
1289,G58dKL6cvjDX
1290,yvGbW0QkGqvm
1291,wRgEZItn2ErQ
1292,v9dFApncR7SC
1293,Pf6u7fuc15cI
1294,yXw4BaCILcII
1295,fJF9Z5qd43RE
1296,kekprf7jbARe
1297,dsI0iHgASX68
1298,FBrtEeD8efDV
1299,eBfWHp84Lyrv
1300,g57wCfFCQCHS
1301,vCC2Qd4egqny
1302,sy2YnaOgzG6o
1303,QHMeSlplMuIr
1304,ZgVIpUND6ztQ
1305,MK2EPGJkrmFI
1306,HMT26waCm48o
1307,tpiDoYzwV3EV
1308,bLf4j18DWaKS
1309,o4rHWmA6S5wr
1310,Du7u22P9t8nE
1311,aNk4B3VioclU
1312,emBJchOEqSOr
1313,92wcRyH1UM1W
1314,5y9NdQQVlixd
1315,8x800H1d1Znh
1316,uuGwpCNQMKZn
1317,JmZwUz4mB3oH
1318,3shy6K5UbLPq
1319,YKMUnsMKGSLn
1320,ACicJ2KeDpaV
1321,bTZCOwUC5E0t
1322,MDk5zQyIHf6k
1323,33FaIfnwv7C9
1324,Fp4Llg3EVAJu
1325,RPEO0egajrU9
1326,bFlekJczHc8u
1327,90j1YnnQXui9
1328,jUPcNu7HARfM
1329,mRFpJezvvpw3
1330,3I8rCkpF5iZ3
1331,aj0gTEE9d4nK
1332,QMx4sZyT8cYx
1333,B4wXUgu19ytV
1334,ICpjJhnH08Q1
1335,HoP87uLtyIC3
1336,qr1hQoAU9yP5
1337,322L7Vuaqrp0
1338,bHJw5II7erFS
1339,cAH8FzTihbb5
1340,xJj0tlTXqben
1341,gLS0G78QZ4Gw
1342,q8U9RHqiGqTj
1343,1hBySu5Sxwhn
1344,i17Njg9as0Do
1345,4ER142ZNdLLv
1346,fw2MyRbxSDHR
1347,v75mwBl5m5vh
1348,CekL862fLIr6
1349,Ioxa9P9djWTa
1350,EWVvVSHUQC8f
1351,R36J9ba17DRT
1352,OpOaY8bwvSAo
1353,DsZWIR16j6nt
1354,WIdRJ4PGrFjN
1355,Rqjvtk8nFZN7
1356,IBKbwIr729tt
1357,yjK0brtcHUFF
1358,HLvSLkpxfmGa
1359,34Zg4IsYljJ7
1360,YQDFN6S2Y3gs
1361,aDABs0LBvcJC
1362,SCVVAyF466uJ
1363,2W2bQ0GhWUUw
1364,q7Jh5MTuTvDn
1365,9ZAoz2d3gnhC
1366,OgxULygmx79g
1367,W3ztH46Bwz4P
1368,vJ0rCCM3Yf4A
1369,3bU8Y0f3Dhj8
1370,qMsHvsQO6H3i
1371,Db9bkje1fGt4
1372,aafqUKUaRA2G
1373,qhj3xCJohALw
1374,5luM4Miu8uLf
1375,3iFbQ4mGWXEN
1376,bNkIhKdJqUQ6
1377,DAEJ0mws68Aq
1378,0HrXTFZbKusi
1379,fgiXrf9fiCMR
1380,cKnmPeUPtebW
1381,9aK0LwLjeQFC
1382,N2knCaT8oWvA
1383,zpbxzy1UE5cx
1384,ggSa43HB00Nr
1385,OIwQfkcPtKQR
1386,YZIZ3YgQg3fO
1387,FnoS8PVfNFYB
1388,DWkJsMuM7iia
1389,ZvAa65nv1xXH
1390,VMxqIDy2adk8
1391,nEeKxStDDRj2
1392,xEEiA4bkZvLt
1393,nmAJU4wkpDPt
1394,f03Jci9WkRhl
1395,YOTO3p2t27IW
1396,jytE0qjWQNok
1397,Ya1qoxxUQoK8
1398,N2KZyxAQH9gX
1399,PQtlP03Ry71V
1400,OvlqWqpbPhbz
1401,FYwFVlWpeMPm
1402,WKd5d8dbrUvl
1403,SR6Vh9ruCmlq
1404,aZA3l3KY430F
1405,eF6elm73128e
1406,ZQNeeKE3bKbn
1407,NfeNiXSt7nkn
1408,YRJ7KWTgoCN0
1409,NOi9dUVdtMTr
1410,krcVPoL1qWxM
1411,8i0l6O1XR3zc
1412,D7LvAqvSxXZm
1413,E0N2CPedgJ3p
1414,tiwL46RPzM91
1415,dzhqc35JlBhJ
1416,XqEc29hrSgak
1417,DsbFREKNipEB
1418,PPOPK43Scv0B
1419,6LchjDeIHNY7
1420,7CpFm9uz5a2e
1421,6jNu0o8gnoU9
1422,CDatDT3byJXt
1423,Il56ylqD4DH8
1424,SaPELEohX7xW
1425,emUXKKBTBeiz
1426,0v9gBpIfiMKj
1427,av5TvhprRLCC
1428,bkaBRRpwLK6O
1429,BFw7VtiPekAl
1430,yimLiwGBjP2P
1431,pLZhn8Usk6uI
1432,afLOM0i5ptxY
1433,Ap2eQOSQfCkP
1434,UYWRzF5ewN2u
1435,23weTX4fYZMD
1436,4XH7h7JXlfit
1437,E5GEeGmGMRgr
1438,3xFu1YDTpmuQ
1439,DpjtM0YNx4Tb
1440,3GSsueVaGlSO
1441,acpVJHhs0PNy
1442,9sh9V372BCdN
1443,4R1AsaU27I1T
1444,JnupBd51Hnf3
1445,AKCTA5SocZAh
1446,zm0W2RItuNxF
1447,MtynCASBCMoc
1448,rcuUSVylU6kh
1449,MjdAnc0JPxKb
1450,cjnvHZHreW4Q
1451,8Mo6ppB3yMtc
1452,qK428BmpinGc
1453,JFBtEb0FzXrE
1454,59Nj7wrKhxSq
1455,kO9X9XtYWA1F
1456,dyoOZXMhUDdZ
1457,BXsfVPEigD0u
1458,bHSzLf0HIzHb
1459,8M3SRVjeejeA
1460,nugsM607BRrA
1461,2nIpaidDCGQW
1462,WFSn0ewlko5z
1463,MJy0L1wPM7Aw
1464,vGZpEWa0nz8K
1465,tQQUlGbYmtcU
1466,Pt0j3KIXJpOH
1467,tjhAGyx292Lm
1468,Zm6ch6Vf4udV
1469,gXISbnVejnBt
1470,G2kcEXWKQg3H
1471,kMAKhEwLpDhp
1472,3m88wxB2HdqH
1473,eejFDntpau3B
1474,AlbAqbT3bW3Y
1475,nDANlCob2gDf
1476,zBUWg45cW7XA
1477,mEJtcYpCMcar
1478,5tk0BlTmVQ1x
1479,keK4XLZfmdc9
1480,cr7JWJM2m8AV
1481,YySvXMJDfvtp
1482,ISSJepJvd80Z
1483,SOHjk3zjPzbX
1484,wk8nwQTPvY6T
1485,ybbmecC9MDIy
1486,Uj1JhwC9umte
1487,yR8BQyuZ5L5z
1488,gewouUuhPrQB
1489,xbg8u8PoxR8v
1490,mYhb97gyqaCb
1491,6qnUXQZhE8oW
1492,AzviTHgWVJsK
1493,f0KleeFTTmw1
1494,pQv6jRoNpzYQ
1495,WHTaAfNK03BU
1496,hOc4PVIhRDTQ
1497,156QvaoP2ipH
1498,ZFhxy0HxQEEN
1499,492hvf6WkM5s
1500,INwRHZn48QZ1
1501,faG0cnJ9KFLW
1502,pueaXdpDBs0U
1503,V8vo8Cw2OuY2
1504,TpiIFzLPVuCd
1505,KaK0bs6UkIH2
1506,pwRVvWR4SODO
1507,MI5KfFhh9Ys0
1508,e9mnPOQx9YU0
1509,wjgxIE0bRcVf
1510,1pRMemUht2Vq
1511,A2jIndCsNN57
1512,w1Hwau2K6SHs
1513,EybxwztZRxGG
1514,en9Q87QvqG4x
1515,vJenKoJIBUrO
1516,qnX0hbWZsqjU
1517,3MbPpnCEJpUB
1518,nhZVm9aFrDLy
1519,TwBucWXVUrBt
1520,rdxKlVbpijAK
1521,BArHwxeWItFV
1522,BvxGk6fICOJ3
1523,qiRdCQNswhSi
1524,saeAgki0ADhM
1525,AzhKH28qi9dV
1526,jdVCqDdcIITw
1527,Ssie8UCCkF1p
1528,NqCnX39DnbB1
1529,VT7xb4AJ7dUw
1530,jkOJD9uOqGCd
1531,KMbD5u2rkX2u
1532,hmwIfT844HPT
1533,fbWguqj2aWz0
1534,U7Nakf7h9HQ5
1535,0wOuNFE8USCh
1536,i2Qhn5nEt8SL
1537,RlwSbRfE3oyQ
1538,Cs2xoyPBjhNr
1539,XJ0t1xqjm6CB
1540,PVVOg7ZqEtOB
1541,fK1tpmrQVREB
1542,dirO39PDZsyx
1543,cVADYClEunwP
1544,PGGyKh63v3lS
1545,2GxMjAYJGwB9
1546,NBKqZiiTody0
1547,akhsPnzP1MVJ
1548,Bk7fofN6seje
1549,lpf5jr3El3EY
1550,eapUSbawDVoT
1551,Hy5m2boYLgoS
1552,tqYXRh32M0HD
1553,UrrO7oVFLx8d
1554,AUUcWOsk5JIZ
1555,Ynyxk9mGfZWu
1556,pzfvXKeLTXZw
1557,aPL4C4SGhCwC
1558,myT7uPmCCZbW
1559,Z36AWwuCcgSX
1560,rpmyCG3VXdzc
1561,mgaY66T2tUJf
1562,YGauhwfLUnDK
1563,ZHYBBrmE7P4T
1564,iwsSFJ5W9oc1
1565,X5qVisFaQVfP
1566,0FxOxJ7IZjZJ
1567,baUnhnDE5xCl
1568,rVWbRHdVpx5j
1569,KgQ4wPMyRT7M
1570,Gy7kRKNgz2yZ
1571,AXyfjyqfnlRI
1572,jhA3c9PaZsXw
1573,S17xu4DcmMFB
1574,74UO6w9ik5G3
1575,elIKahA5lT3Z
1576,TQrFRqVM7H1R
1577,3wc5bsgQnVXx
1578,lz2XkiiOUKHe
1579,w31FgcHRTaGP
1580,iahUUeI0hsaE
1581,QM2VgOVFnSYr
1582,GmNJq1XNMbYw
1583,5hqmIEsiUU8Q
1584,x3k1PKCE4N3g
1585,sVs7rWVX4QZK
1586,RuEYZuJznYsF
1587,LQF1clzRHLfi
1588,NrIxFndOrPK9
1589,XnkuAU4bdTQ4
1590,pKIMfc1bdYBM
1591,ZlyKSHV9i11M
1592,GnX4E6702v0S
1593,68UmXUhdohIO
1594,KBK6uZQTg8KG
1595,2eHrHBXGY5Ma
1596,E0k1UXEOHaj3
1597,IQPkPECbbF4k
1598,vppPs0bi1Ih7
1599,nXIyNQi18RrY
1600,wP5lIzEQN83m
1601,zwlUNITnDtx3
1602,X4lrxN8JjpEv
1603,UmT7rAJYzFyg
1604,l0gBcz9tXykb
1605,x4tAfhGfU4z1
1606,HltTUSWZ6Kb7
1607,NM8zy9TDQsnp
1608,B6NyqzPTOzjk
1609,d3Q9ubTGq3xf
1610,27IFqmKYKk58
1611,c4Mry2esmLAA
1612,GObad0omO5C5
1613,5ExNTgtMIv2B
1614,MPb44FYFGnJG
1615,jT13T6XqfUwn
1616,VTf0jfyLiXxK
1617,efT47nLKu8ev
1618,OfA8heUATgpO
1619,d21Uz2oKTudh
1620,cf1Wy3hv07au
1621,RXJlsNqtw0uv
1622,QLSPBKwEiOom
1623,IKUjvijCBm0u
1624,lvnmg0xcYGBG
1625,YZndZ0OzL920
1626,48Qko1Z9ahri
1627,YQjrtu8J1IlM
1628,98eqmxszUL75
1629,mDLcRE5MxATC
1630,ZgNU4qGnu0Gz
1631,cEiAhDzomf4F
1632,XQ5tXzMLBQ40
1633,WVXNrCcaqsQt
1634,XgtH2vzwKOcN
1635,IiRJHqAGP740
1636,8KF8pPPpc4RV
1637,sdZ8R5YU5szw
1638,8SBJM0VnAehB
1639,TMulxzDW6e0L
1640,qTB4Jr9PQlRd
1641,vpO7hGOCQpnP
1642,IUMJ90i9eKCk
1643,gf7q1cGD4Phx
1644,97qOaiLferpN
1645,S6V8NKt02jhE
1646,Nd485MRoFfXg
1647,5VTYSQJmVwbY
1648,JlMXgeW1YGwR
1649,UzJOARRBaCVS
1650,1r1TC2WKYhuQ
1651,UaREpMZ0ENXl
1652,JTGJwtynGQaN
1653,YH48smrQajfi
1654,beQN6fec8Tk6
1655,PTy3uLtD4hg2
1656,rpMrHaUu0bB6
1657,5cOf28psMTC1
1658,qoOBsTee6X4E
1659,OSk04tVlciY9
1660,jev1o5x7SjB2
1661,qJHBjeyZSqBz
1662,e5t0H2IZftpC
1663,5e5DbNuREUsI
1664,t6AI2aPxi0ho
1665,bGzjewDHRYrw
1666,nMCTAs3NDoWG
1667,iI8H78p2hewA
1668,ZWyTPKDRvUCK
1669,TJR9thXDP2hv
1670,4CSO5kQgYKli
1671,F006seL3BxyY
1672,knO6WSjTnXHe
1673,lSCufLZJINrh
1674,YQyyOzYZP7nw
1675,ZBJkRXHlTTR4
1676,HD4djHhrOYcY
1677,vYXWE0CfOxVY
1678,0VyVHDKx6Eje
1679,LoWZEGFI7C74
1680,E97n7oN9m4sZ
1681,rsVE3D7vJ8RO
1682,PIqj9xWauRlO
1683,0zR4BSnIVAxU
1684,1a7NHliCVUuM
1685,pLhEAnHKxBt4
1686,HZ1XAnPUxTQ7
1687,EBPtWbS7APJH
1688,dBelsORpj8VD
1689,SzqDWAfRcZp1
1690,yEh6mrYL2yMc
1691,TK4IdbzZynQh
1692,eFRgTpKDqeLM
1693,QumNKretoqKO
1694,5MFqMFuAjeit
1695,ks47Zuiqg7qO
1696,Z2kCSS96xEfW
1697,W4LJkbOnDEYm
1698,Kwtg09wOZ61o
1699,FP0WTx87vYSy
1700,3f42JZgxGfpx
1701,vyh5Y3ay187i
1702,FRfHWRJaHQ6e
1703,iTlHkThdsgys
1704,PR6ArcUFfNxD
1705,ZY3aTkLWDx86
1706,x9E8KmocBVsi
1707,KMkOysI8Bf5B
1708,b8GgExeexSXn
1709,d9gxoCXSE7MC
1710,8QmWS4vLAVv2
1711,UCAlsuzshZuY
1712,WuLJHCEtWbAR
1713,u5gaVf5oIAcK
1714,K58Owv1dOuCR
1715,6qYEqJm2h9OP
1716,z8BStsUbzHWY
1717,iQzBO3GvLpq5
1718,mJHIdDf2BStP
1719,fU5CiVezocUw
1720,jOYCKMMoe6my
1721,9eGV6bgHy2nV
1722,XjU417CD4k8g
1723,BpbkWH3wPydT
1724,1krZFSt70jDn
1725,79YjSqIDSHYs
1726,08iz7dvf9UgP
1727,1pRkn4a52cjL
1728,Em9epbmcLwoo
1729,Pd38lMISh7J6
1730,HRnU0xIR8Mcy
1731,vJOlbXcidiTa
1732,uTA89XfUvNn0
1733,V9zZIRJDb95m
1734,CtzbsKDRbl5W
1735,SbSB2wg11dLz
1736,gy9LNj6MfXlE
1737,h2tAZmlRa3Je
1738,IMrTv4cDwH8n
1739,IGVbwQ8bY9IU
1740,ggAm15v0Jzms
1741,bgV6O7KyJZtv
1742,CK6u6eqDbnNg
1743,0PsirJZ7BVJW
1744,i84qDZ9m1PJn
1745,Ind2lHsktx5k
1746,U9RECuzDZpwU
1747,PCXOS1UPDGou
1748,dtnZk1Gf1WQn
1749,NaDRKmqnRFTh
1750,DFKhZCnVWXdL
1751,t0yFZ0h2lCSb
1752,JGD3CqnWpYtS
1753,ZWgGcKzoofI9
1754,kAUgn9xc6ziL
1755,XZ61rHNM8Fyi
1756,Y4xXUbOBLJXt
1757,zJReoH3ynZOr
1758,iILmppdYFANF
1759,W2dwSvdujrKJ
1760,19e1xcfDEAWJ
1761,gTEm1Fg1FOWV
1762,SCQaRaqu5TH9
1763,ifZyNRAPw5jI
1764,6hMX1tfngRv3
1765,OS1Xy0kvdvat
1766,FurMt2S0fRrR
1767,6u6xxXVKUwXu
1768,i8uuQ9e2waav
1769,Gex9BncNzzhL
1770,rikXAwx8qR15
1771,JMYLQiPoj7TG
1772,vekM72o6O2HM
1773,xOiEH03BbH2s
1774,Go48z6WJ2XUU
1775,Y7HPFVXZChca
1776,0Dp3PY0HpJQe
1777,OSvoX4EKQxSy
1778,SeovsgftQZco
1779,n4QMZ17NqNce
1780,0MSq8I6nibXd
1781,5m2H7mUOzRAG
1782,TUU2gtZOkP10
1783,DqOQh47LgNiT
1784,vNYq1Ip7FWEA
1785,GNKNKftxB1uj
1786,Q7C6kmEf8XID
1787,E1qETBfHfRxN
1788,sBUKGPGLbmd7
1789,iW4VXEl1bihd
1790,amRRgoTb5Wq9
1791,AbDLkdspAf2T
1792,CDe40LobAqBa
1793,8EwGclnV8d1K
1794,ynUdv7gKaX1S
1795,Pyh1gTpHyZQt
1796,gR0tzXe07YZu
1797,7vnRVZzRCM8x
1798,pQbtekhiqoC2
1799,CTDejcKyS5Fd
1800,ynSfwQpii9ar
1801,x5RTeJsMy9tY
1802,KlXum60eqcBO
1803,rGBcxRZcoP8e
1804,mHHJC71QUaI1
1805,sZzz2bTwLDfK
1806,9DeNFpnYButT
1807,btdfNmZoKkNT
1808,1MwwIYwAcNoO
1809,fP7MWsWhCy7p
1810,rlkDA43XeVH6
1811,2ObeCDQAr4xA
1812,1ecggZCHX27q
1813,vOu1l6fLe7Pr
1814,SUcbSFmBmLUy
1815,Il4caUHIPLrX
1816,f51yLIsGrAXS
1817,zzWdpDUg7maz
1818,gEPk2kmXqGMf
1819,yaAm9JV2AnYD
1820,76UxnSUG6Eka
1821,1cy9iWncflnc
1822,vFpiE6xOAQXE
1823,8zNXIKkC4T57
1824,s6Y96h9gfN5B
1825,n7dzKmhHGVKP
1826,PNgrPl3zuD7D
1827,llu0gwC7uK9e
1828,3MeNxvcB76P1
1829,g5NfCq8c3va9
1830,rhD372MXZQ57
1831,VhHHRO7hHW9k
1832,jmnLqPDVukQC
1833,pcnEgP2ak4U6
1834,ZOGeeVQDtggP
1835,ZSZMe4cVInCe
1836,Yx43RXARGwH8
1837,nKNbqJbJB1hD
1838,1b3aPszWmVk3
1839,ejjSl1ryX8AD
1840,gGjTBRaeDBvx
1841,cUIwcRY219Nq
1842,Oc14RNMIkLqs
1843,dg0PBnCnCmDo
1844,HUnrwBXrdT2W
1845,Jkk4WbQmVaQg
1846,1GyMtsDN6IlA
1847,cXdz540LtHCU
1848,3IwtibIa58Uc
1849,sclLs5NOggNR
1850,pbzuL1vMuy7u
1851,NnXOgdegpdVr
1852,F9b4x8LkWBuz
1853,OjRsIN9X0sIr
1854,kya8RWSetmVm
1855,OqFeslFAamUc
1856,lgmkRtbbuYCE
1857,0siRgX3bfgn4
1858,OJD6M01w69zu
1859,ql7y7z96feMO
1860,m1UBOI40kLjY
1861,xEe1e7651rl6
1862,BzuHAZuWKeze
1863,4BRq33p8Z1NH
1864,9E0Eur6j1Ad0
1865,pIu0V42qwTwh
1866,jCYQA9bCBW0L
1867,lm1ETzI6BO3F
1868,c7KkAjCTheM0
1869,fCK67IMZzoRj
1870,OS7YZfAuAOgX
1871,DfkkGxbKW31Z
1872,KjGh4h7KfdEq
1873,XEV9NtXFh8C5
1874,BkqrJ4fGvwDA
1875,igT97Xubh3ia
1876,RbL58DqWiysr
1877,hU0ix1MCCOry
1878,RgeP4tmC6OFB
1879,CvnAgS8HjmXm
1880,rNRdwDNuAoaE
1881,3X7tR6J5dhNT
1882,vFux4WQ1gEro
1883,gYwuzEsAfMsZ
1884,B35vEl5xn6gL
1885,sYxPZpdDPLwq
1886,LURFWV3giYCr
1887,VjDXISMxEVhk
1888,WhjqhrXwH4Dm
1889,UdUiJwzBgG18
1890,jZk7pgvO4zXn
1891,natfBYLazUdI
1892,aRX1EL8xL5vD
1893,nb8Y1b8gzhxo
1894,1DhXQdCfik2H
1895,mwhL56AtlNN6
1896,xDp8uebIdu1S
1897,4N3GIFGHRfV0
1898,n3B1A6EsXa8Y
1899,M8iDBVQ6HFVy
1900,pfFpNjDifxRs
1901,anm6aqz1MWim
1902,my0qMPEn4yj8
1903,mxq7uIla4bV0
1904,QZ1nqoDWC2hY
1905,gBqCHAGvWn1u
1906,zz3XcGLIvV9J
1907,sn7hO4lOjPn2
1908,oLQqLLZ4xsej
1909,2KYzpDvuygrL
1910,v7tSIFcUNlTe
1911,6qvML85WMnlN
1912,5VEcTzd6oP8j
1913,cTZs87cGwqfH
1914,yy6mfM1I0lqG
1915,McdsoIxmgDIM
1916,RUNZAE9xsMEJ
1917,qWlo898wfCyj
1918,Zc8gpqDG1dEX
1919,ECdRqFhxMmE3
1920,ObdWztVXotox
1921,QlqgUWX9lXkM
1922,3Gz5KbvDxak6
1923,y1QtKrQebzqo
1924,iZPNZ86s29e2
1925,E9T0VdL8jb1E
1926,XBRrQ912yOTb
1927,oZP9fbSUROMq
1928,2nWm5D6dPzpR
1929,8xLJCqcZmPse
1930,R0tVDQSnKQmO
1931,K8A8f4l0uxRj
1932,sKzbg7tcU1ny
1933,5cHl6VLp4NaI
1934,EQUO4OTchfZK
1935,fR5oebl2RrSL
1936,KrvI9C70fYxP
1937,EpEFxi7TcrP8
1938,H0R7w1ICCtyQ
1939,kRmYe7vbkSZ2
1940,3gzHrGEmI3QS
1941,oaiLLcLi2flZ
1942,JTQaDqF8HMCd
1943,yorbMBeV75rr
1944,EDDt7MkADLR4
1945,PVa5DYAccuGc
1946,TkEWpJIJXroe
1947,Md5Ofs50EKuE
1948,bE5ne77uhMTA
1949,UKx03Dbh4s75
1950,v83PmfXggGQU
1951,sE46aQDjiCos
1952,EQuOGJvVOYDp
1953,O06fHoRNtqRw
1954,gysLDfTExWqZ
1955,qNMXmKEekgBD
1956,g4YJEeLrYzpq
1957,5MDFTZf5QNdd
1958,zfeuTe7gThpo
1959,cFcksKDCinnw
1960,QUSvV2oKoxem
1961,LNFgpeHJ5HmM
1962,4mTB35rkwczC
1963,8uih3gXIK0X7
1964,xNj0MzbPLFMN
1965,dHQJ08K726TW
1966,pW7bPXNL2Wip
1967,iCBQoPKlNy0U
1968,rH6kwN9xwBvp
1969,rf5aZ2uOXKaB
1970,wdJWC3GmYWMZ
1971,pgZkltsa1hyA
1972,fVtBjjH1Bjz6
1973,fewciEmnNKWq
1974,0gFBA6NZ6zRY
1975,MSWteCInC11m
1976,QH3Qsqe9NRHS
1977,WyWOJzBvAsAp
1978,oxk1RN8l7tTm
1979,3asHexVRsnAV
1980,JZdpdtR9iP3y
1981,MI1So7ABvKaD
1982,CGOeJP2jtbwq
1983,Q7XUMVMU5JxE
1984,zBTcG25SsmF1
1985,MRbRpqQ965Px
1986,olkY7QjQVfaJ
1987,ym2UAKxdcA7A
1988,dX1XhhcOxkqn
1989,MEvL5B6FrTrD
1990,tsP4wFhndcc1
1991,9JHvKab6Lr2q
1992,qk4djdf7VGnJ
1993,ip9FndHHHJKA
1994,iBBcli1RloS3
1995,CyhFJx2glY3d
1996,bMITg7iwhyWt
1997,AHZMPQ4ZGTBF
1998,UTMVkvoTAqyw
1999,OmD9LDj0NscV
2000,VavtVeeZ0AhQ
2001,iCEZgsgDlU1X
2002,PplaPvPU3qbm
2003,KCMSX9GGTMgU
2004,AXoUvHBd5UKR
2005,Q05A8sdCHeFu
2006,FviWTcWv5dOk
2007,svYlihxs9fzZ
2008,m05G6QmRGCSi
2009,n6iQJwcaCkpv
2010,zOwsIQwaiPYG
2011,JxyjhyrBW61S
2012,AJtI9ZPV8BDX
2013,qrnlvpSKBAj0
2014,vjowCiukBCoV
2015,V9YJbaWfclyz
2016,a7BPsQAHqd0Y
2017,VjVGJoehYVBh
2018,uFpCf13KSimG
2019,MTTAeWBI1mP1
2020,FhyDP5DDiSAT
2021,t7rMSRZgGHd7
2022,oExYmDPz0gPe
2023,d6bKGxs26JxW
2024,hTIBbhAeZvQg
2025,afmrdbfEmW4v
2026,A4gcHFU79JQb
2027,FbjTYocOlcdo
2028,TuA2WS3Qfv1x
2029,rKWOK2c2sT8I
2030,goqswLO0bFDj
2031,clNkn3YbccsV
2032,URQgcx195Vzv
2033,IlxNEenHT9Nt
2034,56llDy7rk045
2035,qn5EKeHqqD5U
2036,e3eNuj98AZpW
2037,H53WKbr39RIM
2038,wjQwssG0EpWo
2039,1dTDYbgIsf6L
2040,r5iV1zRb8Irk
2041,WMGUjNJvoaba
2042,YQt9BmlBObyr
2043,CPcFkXyOIhvy
2044,0UvB8Gp59CMj
2045,SRyLXScW7R45
2046,1nGrGebEp7is
2047,OqnAQ2Apu0QH
2048,3VhiPpqfMyV2
2049,V2bMRH5YRpKI
2050,u4qdn1rrO4Q2
2051,BED9E9rDubQd
2052,l8jAlPkCtV1n
2053,XuHtelffXFce
2054,nskEUVcEOgCP
2055,pTZvnFoNdPmI
2056,sRUALW3uh9FR
2057,xT13SrouyXAw
2058,IHddZZKZfeVJ
2059,d5I0HCKLLobH
2060,u9fbp65vXFFN
2061,CoFodOCuhqW0
2062,mkhwIuo6ZJBa
2063,VGhNIIk2EGox
2064,JRS1T1Z3O4HO
2065,xx5DJ4MB7mWU
2066,btsbhgcEko0J
2067,mvWzzSRn97US
2068,ZulyCDnfHOkP
2069,b5ZMLwerV8is
2070,HGchHYFVtmeh
2071,FWfpFUMf262s
2072,RbgNe8UMxwAu
2073,9EORerST2fJm
2074,hL0rfzyc2dJ1
2075,bO1ENY8ZBlzT
2076,iwZmgTj3yK9P
2077,CwmxXvyXgALi
2078,OGwfk3HsdTwX
2079,CxWgtnYDfX96
2080,3RT0X0arAqfa
2081,0aLL9el9EFEZ
2082,yrVwEt5554WV
2083,zTqwduNn3RbU
2084,5gO6VVzFbHkR
2085,ekE5PnfwGmNZ
2086,UFW3PdG5vcLU
2087,LsrD0YBNn2mY
2088,HZLTs1QtOTbY
2089,KVIhZrnxraY5
2090,u5oTN27nOapj
2091,VLWhqflHITz1
2092,h3POy23eRs6g
2093,c8u1s2oRkNtl
2094,QxUTwjoPh7JO
2095,DkOG8qXtQutd
2096,MhE3dv2mKjEw
2097,YbKXljEhEWea
2098,wQsDb78SzPfH
2099,W1tbqf6pvki8
2100,omhgi3tlDZaw
2101,WYKvwcua16tM
2102,DM3huXNla1u1
2103,qjEerM05Tem4
2104,FShlAX2Bdydk
2105,gjbbeC7RLKhR
2106,uVv3o3z6CuZU
2107,7akb1Dfjn6Gi
2108,gmjREOkDi3gH
2109,wNsnRtLKunok
2110,oRzrjxzcrY3Q
2111,OO5q0wEVSdB2
2112,zn1V4X5qpMbt
2113,mq0L17GMxOtw
2114,PY57TBNgLY8P
2115,IQNuqmSq4YDV
2116,xpkX7hiZXd7N
2117,NhSGdc0eeSku
2118,3YI0d7t3Mimz
2119,WxRG9s8rwzuV
2120,mjT1qrh7V8lY
2121,2EBRXdBXC5kX
2122,mq6tLbeDB7kl
2123,DNAS4n3aTo7V
2124,MMKI7DugcLcG
2125,EugiPEOlFjCU
2126,v9EX3xokwTac
2127,ad7plyIuQyYN
2128,4a2FKcJEUYOp
2129,N86lFmneatiq
2130,Zen34H5hGhDP
2131,sozZYu0V6ZrB
2132,5tRcrW0e8esa
2133,YWtoemZ7rNIZ
2134,QOOsRhpEJ9qT
2135,Ls9zsP7oyxnk
2136,966FrUZNvVob
2137,YZUP2ADge5RY
2138,jT5nqRdSk8yr
2139,kaoqyUSJyGup
2140,qsFktNTKfwme
2141,WyHvJaWkSlNS
2142,RZkL9RJrjMa6
2143,vXSxsOVmBE41
2144,xgZIy4l7gf9i
2145,ktaGsdAH1tGQ
2146,CHSpBhPnHYl7
2147,6ByiyZESsTg2
2148,2Km0xO1fts8k
2149,tyLr7vw6hZzk
2150,TK8WgfibJrvs
2151,SyL4HvxmwNd5
2152,VLbpoNPYXfsa
2153,IYkUKc26pbS0
2154,hprIMfNSAj0G
2155,PKhjW04wkOqo
2156,lZw2ZFkkFec4
2157,TdAuJLWwwnrR
2158,vbuC5vVfcDBQ
2159,U8Vmpkf3yXD5
2160,OPFprhlwcmPk
2161,sHEjIVVBp5TV
2162,PdtzmdBip8Mq
2163,gcHG4t2LOOGn
2164,NP1tud4jGsJA
2165,1vVb6QwPFCyk
2166,8iN5t2GZMD1B
2167,fkrw4ttubd3N
2168,d0p7E3ZgxQfm
2169,6drTKZbYMrRs
2170,3WO20eb5M7iv
2171,FP4uIVyXyPqU
2172,e8y0m2KiUPiv
2173,j27YGW7xNmco
2174,qi4oxaaFMMMM
2175,RbWwtIZlr70J
2176,2z652hScsDVf
2177,tK8Jv94uuFZp
2178,cyiAdV8ntXfV
2179,lftejBy9QmxG
2180,hkpdDznIii9P
2181,FYyhfS7I6t26
2182,TGWRlWcuOOIP
2183,uaayeIY3n0cE
2184,IqIUey67p9Vx
2185,PvWEiDLNNh1p
2186,usnFdXi0G3FB
2187,BGIEJS7am0qx
2188,uAljS7CxIylK
2189,6locxsU0NAFf
2190,fHXQnbkWuoi6
2191,soVHNxzmlJEL
2192,oljDq16dEuib
2193,ncDilHA1rzZq
2194,S88MwTIyYM9w
2195,wdq39eqWUgzb
2196,mO8omFBoMUUd
2197,aPP1WunLADaO
2198,Jzl2M9jmF1iZ
2199,QR3L52farSrR
2200,3sQDiN7R8DyR
2201,3TOdHNPWO1y8
2202,UNtm373BQCEG
2203,25dUjqlz6YgY
2204,LNEp5HowbYY3
2205,vE2nkUOuHKzO
2206,9WP1akOb3kVe
2207,nnQz7Rdfjxwn
2208,WvHuQw3fqjzF
2209,xYuqH2robWCe
2210,YFIiFlMkifP1
2211,A0Ife9w23V98
2212,HrRU48qenRH6
2213,BzhpwKNztL8a
2214,LeJrVwtECA8E
2215,18FtDpAD7Lka
2216,KOyY0tjicE5G
2217,NepgSu7WmmMg
2218,amOfM5fc3zt5
2219,ZZSXfJNIJKpO
2220,jed7gBlCyULz
2221,0CK0L0c3eWYZ
2222,olrGeVRofWeC
2223,e7ZJKKfmp5cB
2224,dQ6ho4M3yt1k
2225,2Le30FaFXAzx
2226,ksvzczH4dC0F
2227,MYS1yBUVakp0
2228,xAHYqagsAcfr
2229,3Xymm6oQrKd3
2230,x2zm5lP3sCxB
2231,fRs0con3K2ZX
2232,qN8dLnClARgG
2233,1rrPHlisN4aX
2234,B1GXlhDbKhwW
2235,opdYujbKbN90
2236,BaSoCJfnI1G0
2237,lqiuZpF1D1QB
2238,u6rJQwkBgtxv
2239,XiwrRH1LPhqa
2240,XraTf0GjaCjq
2241,6UXliwf5Z9Em
2242,laYUqT3ZnH9y
2243,po59iDe2JFx8
2244,DN9SojKDgWhg
2245,6LIgBic253Ss
2246,JYxTJ3px6fOK
2247,Xfyjc6ui3lHe
2248,gnsh2rJJTenm
2249,2Xtt84NUI51H
2250,JZTgRa8ASZ8Y
2251,7WBV4eUrpFnp
2252,OKkqebTcHF9Z
2253,UZt3mDSVdrJS
2254,gODJ1zKGWik1
2255,0SZJcCqG7iLg
2256,DdhgRZzUkxbl
2257,Hdn80ohY0cUE
2258,AS1upte6aP0v
2259,FTCtZtyTsbcR
2260,EfF1xRqVDnxc
2261,csNGrSljnzBC
2262,5DNyfzfeVa4y
2263,RcdFa912kyEd
2264,kZ7iWjQHsY6X
2265,DMHuxLcNzo6B
2266,nOGMCfQDELaC
2267,Je6eSi9pOF3g
2268,yIhgLuOO6JRA
2269,2EpyXuvXoCIl
2270,jQVLL1V0IcQq
2271,Af0Th5wLELGi
2272,Drd0A73WaC6W
2273,of2uhgpxOe8F
2274,MC5MxfhtHfX4
2275,uUEdRkAuXCdq
2276,hYNtilwWaIvy
2277,FMxFnG6DJZ1J
2278,QIFXeKyAEigW
2279,3NU1lID3vAeb
2280,RMJOumh1YKBH
2281,JoLSaklDFxmG
2282,6edrlDxmgoU1
2283,CeYaa4ZhMdsa
2284,t8Fs9zT5wLYE
2285,iyyi12WWu5jg
2286,ZwqBMniCwkNd
2287,VxQpHM4Bb49J
2288,1M2pZvyrarLV
2289,Iacf77UocnVy
2290,W7AN9xIkd3t0
2291,r4mo9JKNGDdf
2292,52bWvUu89rc4
2293,rvf02twcyi5Q
2294,OWLAEaTGRU65
2295,cMMgdvebylAs
2296,Wkmll90INx2y
2297,an7mlrMI8TUq
2298,FGGrCy5gKtF4
2299,oAxJLAwkxkqv
2300,c6ex8yz5UkWK
2301,98QRyX6IWwc6
2302,WOCxr3TWRJi1
2303,FeiG33GZCrnP
2304,q7i86g6wTCvm
2305,gLDqWS2aSvgO
2306,QeAWDC9cc713
2307,xaQitIqVJUCY
2308,LJrlpfvuHps5
2309,9UcErYtZgoZr
2310,xDZiBmUCkcrU
2311,Pd2muR6ODUGa
2312,ztLwWj0BN1U2
2313,8I6AqkUGviJU
2314,89ShuYtvb7rN
2315,GOyeAuv3bGO4
2316,YL9hi2b4jbDf
2317,LGcO56uOOm7i
2318,pGnxyREnHT2a
2319,CmwTLylQwGF0
2320,mDQkPQr1uByW
2321,73hbxcXFKGyl
2322,8BOrYPAyO3lt
2323,UOLZhZZH56tP
2324,3Cnpkq5RhvHT
2325,Gn823GesKS54
2326,iwwLXbffVrfq
2327,gIAxgxQOfTHt
2328,FX9k6S5OpJky
2329,QihJ9BPw9xTu
2330,gC2LzGuDYX1R
2331,LhwlLsyKh6nP
2332,F0AXQMfh0GFw
2333,ScKgkdGRGkBQ
2334,eLnRRHXcvYCL
2335,EkHBayO1RGqL
2336,THqnsQ6z4BlU
2337,Egw62ot0OMrE
2338,GjF132DvQjNk
2339,0A9kenk4cgnS
2340,ElXHRDg3HvPf
2341,20FBdLHASuSw
2342,cwjdOZvqyaHk
2343,qyRu3gPnkAMS
2344,wstIBG97LRij
2345,1UyDLnQRDsIe
2346,CjTRqDP3tpD3
2347,EUzB7dXDIN7Z
2348,s63iTSPdiHlP
2349,Qxm1VaKJIuF1
2350,7VIAkMD5Igaf
2351,0SkFXjDLcVPi
2352,0KQx0axhGrfX
2353,LAAczau4Js2j
2354,oNxmIS2TLOCB
2355,VswwOqJWQrcD
2356,WoTyCes2Q3xs
2357,ujVkrJ6ZMCaA
2358,vfxLwh6omFZB
2359,6la1Nf7v4Tbq
2360,9sSn8cBdNNfy
2361,GMQISSdMv57s
2362,vkKhPWL3eqzf
2363,UBLhgtgYUvec
2364,5cvIi81WHhR9
2365,TuXsU1lrevJO
2366,wwRCGBbXB1Kp
2367,uumhE7dRpjM0
2368,macjxr4UWwKV
2369,nHtweiVWkMrR
2370,2yRPrqvMmhP2
2371,FUftDPLkt2rC
2372,KW7PdI217Q1C
2373,HnY0q3HKoQKH
2374,PMND758nqkqA
2375,vJBaiBXkrSrE
2376,xggAIGw4uH6g
2377,t7ISxTgLkGUd
2378,Dd8F7VpZaLIM
2379,clO5Tfx1oW7y
2380,Mfzo6UlV0RIC
2381,3ZTMsrOvqSaI
2382,Ibv39dM7xaYs
2383,hakFjdMO3UxI
2384,ptNnp55bgEhW
2385,wrk6UGrzTUky
2386,moRYvsXjvMrI
2387,h5JFtURc3MyE
2388,EiYCfZcQUhUS
2389,c56HEGrbpClX
2390,XBaPh9qiT0cx
2391,g6B1lVECTFHk
2392,Il9UQsJdZy6h
2393,alWlnTpp56uZ
2394,Z7GFEO3LZ8v6
2395,OwUjpMIUQU5E
2396,SysbFnjfy8CQ
2397,UeH6nqSes3EM
2398,IaI87vRcyPOA
2399,5QHbrvyqBnGY
2400,rSf7pCEdC9qZ
2401,vRTQbyiaReR2
2402,4wPKdCjLdikt
2403,U26tkJIAA2h5
2404,mLoKbDnELEPK
2405,jeji1wU0GLIH
2406,0F7pIvbSCbxk
2407,AhLYgatsYMxw
2408,d8f9MRwdk8zg
2409,0D2r6hAAYR7u
2410,JvEnghVIWYLa
2411,0qLdN5xM2RLD
2412,ivEe4uXw8Ctz
2413,f9jdRwHejVcr
2414,3ZXQhdKAwSCf
2415,eYr1m5p2HjNy
2416,hrSJLgiy2fYT
2417,5F5soa0Cg8Ql
2418,LUsyaaReQDQP
2419,ebU0BtCXo3ql
2420,z5CwfIHn4UTd
2421,cWyGug8H0di7
2422,VZUf26lcOtX1
2423,T1f5112xhp2M
2424,35zGHFAqScIu
2425,PEM3G7JvNYpA
2426,XoJptHN70qbg
2427,z1UURwePvQgJ
2428,VmeGtvluGI4c
2429,CEw7VYNyC3jT
2430,Ev0sSCeHmoa0
2431,GnJJ7ZhlHXOi
2432,ZpB4D6tYAwA6
2433,2cpcpIIy9S0b
2434,oUJajRopWuNJ
2435,qgBe9hm9ha04
2436,Ve5Eps9lk94B
2437,0xvF59vfMMXp
2438,c98lUXTkrqSR
2439,psi0zVqkGxBD
2440,M4NMgp3wIdIg
2441,ltPu6sbAnxtV
2442,rjUTxsIomLvM
2443,4ZIsmqErFiKN
2444,HviJwYB3cjKL
2445,Cxe41RLQ4aMS
2446,UKP8qKhfVykW
2447,DtSYUiUzuqFk
2448,ootECnp0nIBB
2449,jU5heU63pTDd
2450,CORQ1suHCpTR
2451,a5lFAq4y9kwI
2452,lfr7sozPW1zu
2453,EF4CVtscFKCx
2454,50GdUroLHifb
2455,ycBo8MhyPEcf
2456,oCFC9ken2XSV
2457,WXjqP636SP7b
2458,8ZeoZHWo4bBf
2459,LXVHyq4nJmIl
2460,YCRfFf8VGGJq
2461,l5kgDvxNqzJK
2462,xbkA4gsthW6i
2463,Z0JMyBmrqaM7
2464,ismEhLmnJifk
2465,yOje578H1XeU
2466,XwI7Pi48rXuw
2467,Iki8JW85XeNt
2468,o0jfLs1bhTpX
2469,2iTRrKS0Wocm
2470,wtGyUGElR7w4
2471,Yu72UXQECy8b
2472,o4jGeYD5pewJ
2473,aKQaXCRn97mK
2474,ZWwZ2EI1ViDs
2475,aQWT8qqandC5
2476,XKzFByuTvQV3
2477,qdCV9nxwDuRf
2478,7TgdJDkhkxlK
2479,BXRieH6TOPCN
2480,FOTxxPwOpE5Z
2481,Jyf7TOAQflHq
2482,DT1uV1KJ51Rb
2483,TdLSVobQIErd
2484,lhBi3PaKWCt9
2485,q1unOrVm3UPE
2486,Ly7ux2XBCksG
2487,ZTYgfIhedCtu
2488,JbDOKcXNokEL
2489,Q8hEmyFgNczB
2490,gyqMyiytfKcL
2491,6UgAomqpjpxM
2492,dKFYFZPNi9oD
2493,Sh9qtx78bgxK
2494,RlpCC5f28ELJ
2495,ZBkaRoWJswHC
2496,vVjWnpeNsuzp
2497,2Phpcyz4xAJm
2498,tfRKqGfePDVm
2499,49RQg3dVCnEu
2500,i8oVdrzdp5P1
2501,4bZxbCExgzfU
2502,aeVivX0Aleuo
2503,SZmnYg0aW8Fh
2504,MvNFwaFlp4Zg
2505,LlpDEM1WDsdJ
2506,7oWHFCA1Setu
2507,hnyDyRvUpHKI
2508,O1uLX98pr9AU
2509,BSH0dFjMcz9r
2510,kUjJHO1jlkKB
2511,mQPpnxoQxcZD
2512,3eZ1lao9hh67
2513,WsTndbiV9lkE
2514,2DhLlkaZWUYb
2515,rMObb3J0twpU
2516,ghptEv7LQGc0
2517,ZkLcvSDKsWgu
2518,lSs5qUeuXPFD
2519,yZNP2EYxKE3x
2520,df4yMSMakoTO
2521,rnrSxwjrdC0d
2522,fayUe17WQfbj
2523,LkgSPpVfccGP
2524,0BwJhNBjHSbZ
2525,MwEkSZEeEqDo
2526,Ke7lGtttsesZ
2527,cdXsiaZ256yA
2528,Vuo6sQO1TkTp
2529,ZKWr3AXhBwjH
2530,43j0PrAxbzqO
2531,NgIXcBJqha6X
2532,rnWpnxld7hAs
2533,46yniK0IJul2
2534,hHvwPzZCDRV0
2535,RqM0SUXnJuuf
2536,UjfhA8HdisF6
2537,BABRX0oWQpzf
2538,0FjkIhqIWkQH
2539,fgA8GMCOjNSm
2540,OgbQXTlfuigz
2541,7Eor8sJV13qN
2542,b06FBSOl3V7x
2543,dPYpMFjWn0Qv
2544,q4HeipqUe63t
2545,EaNQ6ci9e6Nf
2546,RY1KRNWWwoi1
2547,mOKCH7Y1z5Zv
2548,jhknca4rK4sk
2549,UENUn2KOqs7N
2550,QsErcDBveca6
2551,UgSVUKKmSN2c
2552,UuefASWHEnqI
2553,O5ZKGAS59v62
2554,rA9p6PBxGu7a
2555,A7ehrZTxk44Y
2556,ZmwtuopJH7NI
2557,UGGY6BSGQTJS
2558,grTLRjOaSSJq
2559,hfdIHrp6zUQc
2560,jcQ3twJWtlfC
2561,EHTeDBorVp6C
2562,rUjK6R3YA6a3
2563,PdnS29qpDD8T
2564,2eQkb5phOiPR
2565,QLIBHVvOpu2L
2566,iemwqnB9LxDl
2567,QHnMdLK8yAxc
2568,M7KZ4MgPP0LT
2569,39sJQKd0gIFr
2570,H8zKhz1AbPpH
2571,FGegLDDrsNfr
2572,m7vZZOz5MaPL
2573,JPWty6sMeiOv
2574,uapD3QDn3jcv
2575,JHXPXJaB0Smf
2576,KvRQfr0SkbPD
2577,U8T0qNZta6Oc
2578,b5QG6bwGhq1w
2579,dZboNT53spY0
2580,mLubymzhfmF6
2581,szSzZlBdgynY
2582,1NYyfighDnf7
2583,mpqKlzl7vaZR
2584,lFCYg98bg130
2585,00tDksJFobPo
2586,9kd9uMuv2bNS
2587,196gyIgO3Znz
2588,LdOMxTqMXdbh
2589,d9pbvpypMzxE
2590,lX3TAvtM6BoV
2591,Eqp83Hu4To7J
2592,RXQshE71AOJj
2593,xw0laaXoqEj3
2594,aN6XksCZrwi6
2595,MfeSTUlRqKMc
2596,k9oYOQwEbtFn
2597,jNA1ithQCIta
2598,A82PFsLjb2i9
2599,fO2OeayNmqSJ
2600,0wKkofNmShyY
2601,51DgSLAw5DRS
2602,tIHT2EfGhVmN
2603,Sd5HVy93ERmt
2604,xMvWjvKUHB3k
2605,e7EtixANL0Uu
2606,L9R41N4blG1Z
2607,sVKYu96aXafW
2608,4vQ50rZa9Ngz
2609,iv16ShQo1eUl
2610,H5Z3hcgXMYtX
2611,zr5b91obUkOv
2612,iGGfNnC2htyw
2613,jl3ZIU9KUKqq
2614,jrQ7N8Ce6g4h
2615,aBARqjyNbOBH
2616,7ZEZEzlzzDmj
2617,dXcXD0ZSB3F9
2618,q8UYwjKPNQSs
2619,8pa0qo7fX8eO
2620,X7iVNr0iZtqc
2621,DDjsRbNWklDK
2622,MlRhuNrjN2hC
2623,lg8rOXQZh1am
2624,OTJRsLKPMCk5
2625,8BJCCIOj4obh
2626,NE1Nnue9APOo
2627,mMBpW38HSTMs
2628,WmgQmrFIeci1
2629,02CBXhYMJCOB
2630,jzuYTILxdtuY
2631,W1oTm2iNp3Yk
2632,1AEsO4CtdA8D
2633,ZXyWkc9lBsgH
2634,JmjTcXdafXLn
2635,GP5j3tvK84rP
2636,3YkAcUeT2KTg
2637,NISGA6cJ5sZ2
2638,oziB0vKN7fcP
2639,29Ie15asfKYQ
2640,7vSXuQe2M3Dz
2641,oVzqIz9GGszq
2642,2Y0sNwoaIhwI
2643,MQZUIYC76DTl
2644,b0nzaPlb3LfS
2645,uJmXUfBz4V8I
2646,cYj77hwoyEVj
2647,jgSCtngwzNWT
2648,I5aqdxZKxLWa
2649,HjQnFRBr5Gyo
2650,YtILyy2t1PX2
2651,XZqtBpnsdAnb
2652,uAXLnNbpLMiK
2653,qgQmW2wPQJOm
2654,skOlN5xozO0y
2655,DOMt3x1qc5mZ
2656,dmHjdAQb5ihW
2657,IKz1EqGVYTvh
2658,EHBseyr02t9h
2659,kpy1ukjkBCYN
2660,ZWm1GicG1Wku
2661,TBpHE5xZdnD3
2662,fNCwDw3zeluL
2663,DpSNvI9ODz4E
2664,d69gReJFYyeT
2665,osssv0KeXEyD
2666,OyhN5tDG7n42
2667,c0UZ9t6iSog8
2668,vSbP9xu2uJfg
2669,zJYMZNfwuQEL
2670,wzsPVsKuTU1I
2671,adBv2jfKPs61
2672,tbWbZDKGWnkV
2673,ZZCo1H4MOEVR
2674,5EAauFmOwzDL
2675,qeOKcqDn4CLo
2676,X8Hj9eibpBE3
2677,DjpJe0vErIoP
2678,JFV5u7yvpYTk
2679,gseUoSXAbopL
2680,yovt1hWSpOfP
2681,JEI9FbMMXy5P
2682,mjguOp1aKuQa
2683,AT5XRLRZ6AJK
2684,EqqvSvybzVcF
2685,jrkPXvm9Q9xl
2686,go0BET0PMxWv
2687,q8ijgvpTiUSe
2688,zaJrazRG7Apn
2689,VqJrNJqHkkK2
2690,ebr3bz8o9zKz
2691,EqdSeE2a5NPc
2692,RUDYlQgkZjSM
2693,k6CuwXo5eUWw
2694,QODFr0f93ByR
2695,6MUYIaPYZfbC
2696,LSwvg4r2aCtv
2697,UyhAWqMlRtiJ
2698,ANpNDdwxhs9c
2699,wVtrv6sgKrAF
2700,zqPLsyd832Iq
2701,BYNoGZhjC6yl
2702,ZCYWoiigr8ZQ
2703,WzzwYOmPAafx
2704,Ctk0Qf3JLvnz
2705,B1hCTXcgBL7Y
2706,43yO6uCDDlTv
2707,esoLXoaiffnz
2708,pvooHomYikYL
2709,3oudn0VzWmgb
2710,hu6y7ckvIfVJ
2711,snrBjwwIjnbT
2712,CQZUuZOG1PtH
2713,MAeskw9rOkEp
2714,gKrQcqQKhHOR
2715,q0i8s1GJIRvS
2716,YYSnK26iuKQ0
2717,qgEE2L8GjDuS
2718,JLZoIxr79gOr
2719,ALxtuP3bnmHt
2720,q514qFMa3Y4E
2721,SkoDPD9CmYrw
2722,uflereODL5S3
2723,qaPonb2POB2T
2724,vOA4hNtYV2OY
2725,KWTX7CkaTBjU
2726,2KhC9PbMKNgU
2727,cDXOzrbXOFJW
2728,4AnZwTai8ccu
2729,RH78gd9BDZjl
2730,q4yiSHuSl88g
2731,0kqHt7Er57Ww
2732,nLyWAIxDNirO
2733,nM494Ja51CUN
2734,k43XSVCN5zls
2735,GKf772P0bCZT
2736,AQoN1af0Qpr4
2737,xKHcsPMYutFF
2738,6chdff34f5yw
2739,yuwewPpMQlnQ
2740,jMSnr6GKaGnb
2741,0hmHM6fKzhlN
2742,6xqpRPwRFUQh
2743,o9mm9mvFqMgS
2744,skKOzs99vBYJ
2745,PXLzkW9GiLM3
2746,3wyoY4tTGgJ4
2747,OatKs8RhGwNS
2748,QH9IpHj00AvF
2749,e5z6QhIOeELE
2750,E30AEPyC6Sli
2751,or7gPGmEgGhU
2752,HhS385iObYiz
2753,YQ6acFfNGDLr
2754,dxqTWu0PYIBX
2755,om7v6cKFhAca
2756,jLBNv0PWCsRb
2757,hpiR06PVDmWa
2758,aEjPKINnFBUH
2759,TWIFhdtVtO8Z
2760,cRRws5fgb295
2761,uxYIaeNKyp8i
2762,S7gxOk1ifQJw
2763,jzxT5a7dcD3w
2764,hj1Upcte08uz
2765,ltxyajKpfG26
2766,lgijS1DJALV7
2767,fspHHG7EndB7
2768,NYYvqIAF5Bhu
2769,B8Liba09BmRo
2770,lhT58TD6aO5J
2771,zE7ZGWBTXMvQ
2772,XsHD7G8l6hTU
2773,xkUkMqMF5o3C
2774,HXUJ9GMwm9YL
2775,0rdwbvLazDYM
2776,1uwolK6JKBEV
2777,YVUa3m5UvZt3
2778,VIJhqPG286pE
2779,i1hzUnVnryoC
2780,0jsG3Ia3pJ7y
2781,bI9jKI926DNq
2782,7AvLK4RO6Rh2
2783,uhCCj2rE534w
2784,bInc4W68sQgU
2785,dAr3D4oJQWdz
2786,6DGYNOt0In2k
2787,CFiPa5QUTtSB
2788,KQ7utXV5oODe
2789,HTR5RXTvC0KB
2790,8gmtg6YezLDU
2791,YxIla1qRoic5
2792,xpFfFqV2admL
2793,e8grxiu83keh
2794,ec5a0C49MiRc
2795,xfbITBrRil9Z
2796,ewjlqesPa7Ey
2797,KlLK6XkIfBc4
2798,hSkuGgAcdCn0
2799,slygbS50BeOe
2800,PpgrjXz2KWaX
2801,DxqX6NlgbxgJ
2802,knlaDhuWN9Sh
2803,cV9cTdhwiPOW
2804,U1hdnw6jOKzR
2805,fJ50f6a4ERGr
2806,3na0V7X2vdAy
2807,rKXQcTQoCOL5
2808,tt3a1sAxUhbP
2809,PwDNLiXsUdJo
2810,dAlQ4iVt3APy
2811,VBTwjvUMNBaH
2812,5VYZHoKzLQEb
2813,nLI6Rfeuwkqh
2814,zlVGJr3NsvGz
2815,U1OJLLIVDUR9
2816,pnXnLd1CXYcj
2817,GuKz3q1RNNV8
2818,5VPmKatxRdTS
2819,7LQXi7KpzMfS
2820,bJzaaJ9bQq3J
2821,QquzpRGdRHFl
2822,d7Q0RtCuqFIp
2823,ZD1hYGSVGbAt
2824,wXW2lu8R4Dt4
2825,rB60AeO8kCxB
2826,xhb93OzM4IB0
2827,GGJwu7PpdU4W
2828,HrSOv7iL7Ey2
2829,J2oPHwyTSXCT
2830,Vf7F7o90O1BM
2831,8QyI5weCjebW
2832,iglblTBXznI3
2833,D11whx6FmZqj
2834,wWEBD1R0toJS
2835,dj0nXIcXGMMu
2836,oq6ViedOUp0H
2837,y4nYdWFCqXSs
2838,YSQCqPPj4HmL
2839,29BAt7R6OIDj
2840,OJMAJO5pXbJd
2841,DVFjhK6qVYcL
2842,wgDbSxQg7UOS
2843,ESazRBhHmh47
2844,avxfTa42iTq9
2845,zDWLy3UBVPTR
2846,ONGRXx12rkg3
2847,OKlkEnN6NUoH
2848,M4GVHWVG8lGV
2849,2Rv8uEXsUh9a
2850,ijVaw9pmH7vk
2851,9RcWmZTDd9A6
2852,SSY7BLl7mvqW
2853,4Dui3i5JAtWa
2854,mWJOKyfBXcMu
2855,G3cAhlH9Uz9i
2856,OA9f7ASDpvkf
2857,dnsqaOPoQlqW
2858,tD0ZXAYG0vkG
2859,8Nr1Hd4dfidY
2860,iPX9XWZvp24E
2861,OD3QCmeuNDgY
2862,BUPG6GRmeAsz
2863,6E5CDErnj4c3
2864,MGqJtA172TRp
2865,C16zxr3pTmvj
2866,yhghrvh3bynV
2867,Vm9ulGIzXV2e
2868,GCcJTAWUB591
2869,fQtpo0xYa0Ye
2870,U8oYPRBK92oB
2871,qQlNdzc9DsDx
2872,S1133Hy2gRAi
2873,7NYVgTOasH9h
2874,Fi5TXVjtpfzQ
2875,uCB83ic2RfJZ
2876,0gvQpiMeYbwJ
2877,PV2f52PCUfk9
2878,KhxHiPmUMFnb
2879,N8rEMPeKNBJo
2880,m00C6WeRAnMq
2881,6beSUkcbYZaC
2882,pZ3G8pKfk7wM
2883,9YfETvEm998y
2884,fDCY4AqabDLH
2885,qp000wUKg5JZ
2886,DVaAHAym013r
2887,unRNp29asyPR
2888,DiHQXOyorFIt
2889,U566Jovi7DIc
2890,CsNOERZR7PNS
2891,aE7pc4vilO3t
2892,IoUgt78agkGb
2893,r1UaFefaaHUa
2894,qEmbsYZ1q4wW
2895,IxbGbGVooXzw
2896,401nImDzrYu1
2897,LeWwdD4J5N0B
2898,Z7mfenyuFihx
2899,hB43ySsChopg
2900,d0igFW9pzFNx
2901,ywBdfcNdTef4
2902,mrLAFLaON4a9
2903,nLJETt0USVX3
2904,Vb1zixbLlYaY
2905,v44vWF6HJMz7
2906,84bdHaNbKWzs
2907,fyWQeh6DeTHj
2908,sgVdsSRy4CFY
2909,sFuLd8s4JmQj
2910,Pa1DctE7pC7o
2911,RCu1e1OT4oDj
2912,8QyWv6f2c4p2
2913,biMS9EdvIA3Q
2914,7Br9ZWkobNa1
2915,oilKrbWcKTSR
2916,mD6P69AEBOe4
2917,TfDwPZLew3bM
2918,WN0wAplLZ0hQ
2919,gLWNT2cdzNc0
2920,bjaC3KMo5j7F
2921,7VNDGVv9moWF
2922,Tr2qZbc6EqOj
2923,Q6CKUeEQbLxu
2924,us1pSEUAAdLK
2925,bOXp2ahSrzJF
2926,nihkS5enR1cG
2927,OLM7pGVJHQZL
2928,PypUSU6z0PUf
2929,Xn1SuMxbjWIi
2930,bXfBjF2ihE7s
2931,RboTRbEFudAd
2932,ArUNlvHG6imw
2933,nrEudVaniKgk
2934,bqB3dXntaYvO
2935,Nc1BtZ1HWT4P
2936,GtEOaVvmrInx
2937,pfbRqcQKLG2M
2938,9bxcg4tl14xq
2939,mfsSO4LinMRD
2940,u0GqO5aaTSxB
2941,cVblJlb99HF3
2942,MRlg1PaYxlmZ
2943,7ZutfWTGv0sL
2944,ZPdeTTihD8cK
2945,QNmIX0blAxgO
2946,rTF514WrlERg
2947,GhDbwaWuFOva
2948,AUw3KpDESQdG
2949,cvy4LCM2U6qb
2950,uv5MviBrV7Em
2951,wtI0uAY5Xbc9
2952,teep7DU5TaPG
2953,RyooFXklLkvY
2954,tYbTCPk8e6i6
2955,WzMxBwYoJOpu
2956,LEUlHLNnwDVE
2957,6VOJZWn1Mixt
2958,pN6wAsdm6sv6
2959,0Au3005KiwPt
2960,nb418yltlV5N
2961,OjTtt6i0LXMC
2962,xl4V8lOiRnZN
2963,VopHDjqxumN9
2964,QrlqU5JD8hoI
2965,FWD4xaQyEOOb
2966,Bsu8DS4O3pSd
2967,heRx9OSG0bI4
2968,iBc7gCuR8HRN
2969,6pobVFEIE5D4
2970,jlEZp3YoL0EW
2971,jFRTEvIY55iz
2972,7tR7p3DWNldL
2973,wjQuW5Volz0l
2974,a2nYYdzHvqMK
2975,Gv2noH6lQDQg
2976,42oS4zIbPNEu
2977,WoiyqBOa3cth
2978,6bRAxkqL7lqS
2979,rzNbcoIPOyIl
2980,VL491hLxRCUe
2981,mLUqTKjmVrx6
2982,1tlQ6Qr5t07G
2983,rxbdZrXBcdVq
2984,8zWf9Jt5pA8e
2985,ZvfB6IcEDLJE
2986,Xqpb5K5p1f79
2987,t3Tcb1yRL2nD
2988,raXzNP2s9Jkd
2989,jORggIcBc1Ge
2990,6OMZlj5929zM
2991,7uEmVP9wv4oO
2992,lFtLSlArvT9M
2993,hDrtWpelJo23
2994,3K8cyyJ2Ly8B
2995,NtivqLpAauEJ
2996,n77WjeWAP0P4
2997,IiTM1yc9RB3t
2998,AN5xY0RVQTl8
2999,D4kUfhr9Y23A
3000,zeCGzEZMTlRD
3001,N8EcZAqd69Sz
3002,fysmExz2sI4g
3003,d25AoW3qOVGD
3004,bV2vZn4FqPoF
3005,XKJvPXhvPmmk
3006,nMtn1gE0gyVg
3007,Ecj9sTAkVZxZ
3008,xpJaj4GHcXnX
3009,Wilz6n2ixuxu
3010,cKrTtyhm9eH0
3011,CeVKy3CxzkRV
3012,lTk4di4kRBFA
3013,Kbl3UulU9MD3
